--
-- PostgreSQL database dump
--

-- Dumped from database version 14.6
-- Dumped by pg_dump version 14.6

-- Started on 2023-07-10 23:21:36 WIB

SET statement_timeout = 0;
SET lock_timeout = 0;
SET idle_in_transaction_session_timeout = 0;
SET client_encoding = 'UTF8';
SET standard_conforming_strings = on;
SELECT pg_catalog.set_config('search_path', '', false);
SET check_function_bodies = false;
SET xmloption = content;
SET client_min_messages = warning;
SET row_security = off;

DROP DATABASE backup_smartaerators;
--
-- TOC entry 3628 (class 1262 OID 17392)
-- Name: backup_smartaerators; Type: DATABASE; Schema: -; Owner: postgres
--

CREATE DATABASE backup_smartaerators WITH TEMPLATE = template0 ENCODING = 'UTF8' LOCALE = 'C';


ALTER DATABASE backup_smartaerators OWNER TO postgres;

\connect backup_smartaerators

SET statement_timeout = 0;
SET lock_timeout = 0;
SET idle_in_transaction_session_timeout = 0;
SET client_encoding = 'UTF8';
SET standard_conforming_strings = on;
SELECT pg_catalog.set_config('search_path', '', false);
SET check_function_bodies = false;
SET xmloption = content;
SET client_min_messages = warning;
SET row_security = off;

--
-- TOC entry 3 (class 2615 OID 2200)
-- Name: public; Type: SCHEMA; Schema: -; Owner: postgres
--

CREATE SCHEMA public;


ALTER SCHEMA public OWNER TO postgres;

--
-- TOC entry 3629 (class 0 OID 0)
-- Dependencies: 3
-- Name: SCHEMA public; Type: COMMENT; Schema: -; Owner: postgres
--

COMMENT ON SCHEMA public IS 'standard public schema';


SET default_tablespace = '';

SET default_table_access_method = heap;

--
-- TOC entry 209 (class 1259 OID 17393)
-- Name: brand; Type: TABLE; Schema: public; Owner: postgres
--

CREATE TABLE public.brand (
    brand_id integer NOT NULL,
    brand_name character varying,
    date_created timestamp without time zone
);


ALTER TABLE public.brand OWNER TO postgres;

--
-- TOC entry 210 (class 1259 OID 17398)
-- Name: device_history; Type: TABLE; Schema: public; Owner: postgres
--

CREATE TABLE public.device_history (
    history_id integer NOT NULL,
    status_id integer,
    mode_id integer,
    device_id uuid,
    temperature real,
    ph real,
    dissolved_oxygen real,
    history_date timestamp without time zone,
    ph_calibration_firstval real,
    ph_calibration_secval real
);


ALTER TABLE public.device_history OWNER TO postgres;

--
-- TOC entry 211 (class 1259 OID 17401)
-- Name: device_historya_history_id_seq; Type: SEQUENCE; Schema: public; Owner: postgres
--

ALTER TABLE public.device_history ALTER COLUMN history_id ADD GENERATED BY DEFAULT AS IDENTITY (
    SEQUENCE NAME public.device_historya_history_id_seq
    START WITH 1
    INCREMENT BY 1
    NO MINVALUE
    NO MAXVALUE
    CACHE 1
);


--
-- TOC entry 212 (class 1259 OID 17402)
-- Name: device_mode; Type: TABLE; Schema: public; Owner: postgres
--

CREATE TABLE public.device_mode (
    mode_id integer NOT NULL,
    mode_name character varying,
    date_created timestamp without time zone
);


ALTER TABLE public.device_mode OWNER TO postgres;

--
-- TOC entry 213 (class 1259 OID 17407)
-- Name: device_status; Type: TABLE; Schema: public; Owner: postgres
--

CREATE TABLE public.device_status (
    status_id integer NOT NULL,
    status_name character varying,
    date_created timestamp without time zone
);


ALTER TABLE public.device_status OWNER TO postgres;

--
-- TOC entry 214 (class 1259 OID 17412)
-- Name: devices; Type: TABLE; Schema: public; Owner: postgres
--

CREATE TABLE public.devices (
    device_id uuid NOT NULL,
    antares_id character varying,
    device_name character varying,
    device_location character varying,
    status_id integer,
    brand_id integer,
    user_id uuid,
    latitude character varying,
    longitude character varying,
    date_created timestamp without time zone,
    date_updated timestamp without time zone,
    mode_id integer,
    ph_calibration_firstval real,
    ph_calibration_secval real
);


ALTER TABLE public.devices OWNER TO postgres;

--
-- TOC entry 215 (class 1259 OID 17417)
-- Name: roles; Type: TABLE; Schema: public; Owner: postgres
--

CREATE TABLE public.roles (
    role_id integer NOT NULL,
    role_name character varying,
    date_created timestamp without time zone
);


ALTER TABLE public.roles OWNER TO postgres;

--
-- TOC entry 216 (class 1259 OID 17422)
-- Name: users; Type: TABLE; Schema: public; Owner: postgres
--

CREATE TABLE public.users (
    user_id uuid NOT NULL,
    role_id integer,
    full_name character varying,
    email character varying,
    password character varying,
    address character varying,
    avatar character varying,
    date_created timestamp without time zone,
    date_updated timestamp without time zone
);


ALTER TABLE public.users OWNER TO postgres;

--
-- TOC entry 3615 (class 0 OID 17393)
-- Dependencies: 209
-- Data for Name: brand; Type: TABLE DATA; Schema: public; Owner: postgres
--

INSERT INTO public.brand VALUES (1, 'Amara AA-222', '2023-06-21 00:20:39.811275');
INSERT INTO public.brand VALUES (2, 'Amara AA-333', '2023-06-21 00:20:39.811275');
INSERT INTO public.brand VALUES (3, 'Amara AA-666', '2023-06-21 00:20:39.811275');


--
-- TOC entry 3616 (class 0 OID 17398)
-- Dependencies: 210
-- Data for Name: device_history; Type: TABLE DATA; Schema: public; Owner: postgres
--

INSERT INTO public.device_history VALUES (1326, 11, 1, '0dcbd335-850c-44db-8843-295b51de031e', 33.125, 3.237748, 36.36275, '2023-07-05 22:47:13.738166', NULL, NULL);
INSERT INTO public.device_history VALUES (1327, 11, 1, '0dcbd335-850c-44db-8843-295b51de031e', 33.125, 3.10219, 36.22719, '2023-07-05 22:47:21.678307', NULL, NULL);
INSERT INTO public.device_history VALUES (1328, 11, 1, '0dcbd335-850c-44db-8843-295b51de031e', 33.0625, 2.893639, 35.95614, '2023-07-05 22:47:29.011865', NULL, NULL);
INSERT INTO public.device_history VALUES (1329, 11, 1, '0dcbd335-850c-44db-8843-295b51de031e', 33.0625, 3.237748, 36.30025, '2023-07-05 22:47:33.838446', NULL, NULL);
INSERT INTO public.device_history VALUES (1330, 11, 1, '0dcbd335-850c-44db-8843-295b51de031e', 32.9375, 2.945777, 35.88328, '2023-07-05 22:47:40.759367', NULL, NULL);
INSERT INTO public.device_history VALUES (1331, 11, 1, '0dcbd335-850c-44db-8843-295b51de031e', 32.75, 3.279458, 36.02946, '2023-07-05 22:47:47.91914', NULL, NULL);
INSERT INTO public.device_history VALUES (1332, 11, 1, '0dcbd335-850c-44db-8843-295b51de031e', 32.6875, 3.039625, 35.72712, '2023-07-05 22:47:55.689672', NULL, NULL);
INSERT INTO public.device_history VALUES (1333, 11, 1, '0dcbd335-850c-44db-8843-295b51de031e', 32.625, 3.216892, 35.84189, '2023-07-05 22:48:00.599677', NULL, NULL);
INSERT INTO public.device_history VALUES (1334, 11, 1, '0dcbd335-850c-44db-8843-295b51de031e', 32.5, 3.342023, 35.84202, '2023-07-05 22:48:08.559113', NULL, NULL);
INSERT INTO public.device_history VALUES (1335, 11, 1, '0dcbd335-850c-44db-8843-295b51de031e', 32.375, 3.279458, 35.65446, '2023-07-05 22:48:16.039299', NULL, NULL);
INSERT INTO public.device_history VALUES (1336, 11, 1, '0dcbd335-850c-44db-8843-295b51de031e', 32.1875, 3.404588, 35.59209, '2023-07-05 22:48:23.518717', NULL, NULL);
INSERT INTO public.device_history VALUES (1337, 11, 1, '0dcbd335-850c-44db-8843-295b51de031e', 32.1875, 3.258603, 35.4461, '2023-07-05 22:48:30.72013', NULL, NULL);
INSERT INTO public.device_history VALUES (1338, 11, 1, '0dcbd335-850c-44db-8843-295b51de031e', 32.125, 3.289885, 35.41489, '2023-07-05 22:48:38.079218', NULL, NULL);
INSERT INTO public.device_history VALUES (1339, 11, 1, '0dcbd335-850c-44db-8843-295b51de031e', 32, 2.966632, 34.96663, '2023-07-05 22:48:45.371159', NULL, NULL);
INSERT INTO public.device_history VALUES (1340, 11, 1, '0dcbd335-850c-44db-8843-295b51de031e', 31.9375, 3.342023, 35.27952, '2023-07-05 22:48:53.249895', NULL, NULL);
INSERT INTO public.device_history VALUES (1341, 11, 1, '0dcbd335-850c-44db-8843-295b51de031e', 31.8125, 2.987487, 34.79999, '2023-07-05 22:48:58.320142', NULL, NULL);
INSERT INTO public.device_history VALUES (1342, 11, 1, '0dcbd335-850c-44db-8843-295b51de031e', 31.6875, 3.029197, 34.7167, '2023-07-05 22:49:05.837239', NULL, NULL);
INSERT INTO public.device_history VALUES (1343, 11, 1, '0dcbd335-850c-44db-8843-295b51de031e', 31.625, 3.331595, 34.9566, '2023-07-05 22:49:13.058051', NULL, NULL);
INSERT INTO public.device_history VALUES (1344, 11, 1, '0dcbd335-850c-44db-8843-295b51de031e', 31.5625, 3.237748, 34.80025, '2023-07-05 22:49:20.679114', NULL, NULL);
INSERT INTO public.device_history VALUES (1345, 11, 1, '0dcbd335-850c-44db-8843-295b51de031e', 31.5, 3.10219, 34.60219, '2023-07-05 22:49:27.55951', NULL, NULL);
INSERT INTO public.device_history VALUES (1346, 11, 1, '0dcbd335-850c-44db-8843-295b51de031e', 31.375, 3.081335, 34.45633, '2023-07-05 22:49:35.189383', NULL, NULL);
INSERT INTO public.device_history VALUES (1347, 11, 1, '0dcbd335-850c-44db-8843-295b51de031e', 31.375, 2.966632, 34.34163, '2023-07-05 22:49:42.479085', NULL, NULL);
INSERT INTO public.device_history VALUES (1348, 11, 1, '0dcbd335-850c-44db-8843-295b51de031e', 31.25, 3.31074, 34.56074, '2023-07-05 22:49:49.639912', NULL, NULL);
INSERT INTO public.device_history VALUES (1349, 11, 1, '0dcbd335-850c-44db-8843-295b51de031e', 31.125, 3.10219, 34.22719, '2023-07-05 22:49:56.560446', NULL, NULL);
INSERT INTO public.device_history VALUES (1350, 11, 1, '0dcbd335-850c-44db-8843-295b51de031e', 31.1875, 3.10219, 34.28969, '2023-07-05 22:50:03.579486', NULL, NULL);
INSERT INTO public.device_history VALUES (1351, 11, 1, '0dcbd335-850c-44db-8843-295b51de031e', 31.1875, 3.342023, 34.52952, '2023-07-05 22:50:10.889746', NULL, NULL);
INSERT INTO public.device_history VALUES (1352, 11, 1, '0dcbd335-850c-44db-8843-295b51de031e', 31.125, 3.279458, 34.40446, '2023-07-05 22:50:17.819488', NULL, NULL);
INSERT INTO public.device_history VALUES (1353, 11, 1, '0dcbd335-850c-44db-8843-295b51de031e', 31.0625, 3.362878, 34.42538, '2023-07-05 22:50:25.359343', NULL, NULL);
INSERT INTO public.device_history VALUES (1354, 11, 1, '0dcbd335-850c-44db-8843-295b51de031e', 31.0625, 3.133472, 34.19597, '2023-07-05 22:50:36.242635', NULL, NULL);
INSERT INTO public.device_history VALUES (1355, 11, 1, '0dcbd335-850c-44db-8843-295b51de031e', 31.0625, 3.133472, 34.19597, '2023-07-05 22:50:38.265804', NULL, NULL);
INSERT INTO public.device_history VALUES (1356, 11, 1, '0dcbd335-850c-44db-8843-295b51de031e', 31.4375, 3.112617, 34.55012, '2023-07-05 22:50:44.599169', NULL, NULL);
INSERT INTO public.device_history VALUES (1357, 11, 1, '0dcbd335-850c-44db-8843-295b51de031e', 31.625, 3.154327, 34.77933, '2023-07-05 22:50:50.246208', NULL, NULL);
INSERT INTO public.device_history VALUES (1358, 11, 1, '0dcbd335-850c-44db-8843-295b51de031e', 33.0625, 3.8123, 36.8748, '2023-07-05 22:51:38.029903', NULL, NULL);
INSERT INTO public.device_history VALUES (1359, 11, 1, '0dcbd335-850c-44db-8843-295b51de031e', 33.1875, 4.188452, 37.37595, '2023-07-05 22:51:43.269095', NULL, NULL);
INSERT INTO public.device_history VALUES (1360, 11, 1, '0dcbd335-850c-44db-8843-295b51de031e', 33.25, 4.13203, 37.38203, '2023-07-05 22:51:48.229782', NULL, NULL);
INSERT INTO public.device_history VALUES (1361, 11, 1, '0dcbd335-850c-44db-8843-295b51de031e', 33.375, 4.216663, 37.59166, '2023-07-05 22:51:55.829928', NULL, NULL);
INSERT INTO public.device_history VALUES (1362, 11, 1, '0dcbd335-850c-44db-8843-295b51de031e', 33.375, 4.028587, 37.40359, '2023-07-05 22:52:03.129634', NULL, NULL);
INSERT INTO public.device_history VALUES (1363, 11, 1, '0dcbd335-850c-44db-8843-295b51de031e', 33.4375, 4.235471, 37.67297, '2023-07-05 22:52:10.548512', NULL, NULL);
INSERT INTO public.device_history VALUES (1364, 11, 1, '0dcbd335-850c-44db-8843-295b51de031e', 33.5, 4.150837, 37.65084, '2023-07-05 22:52:17.769796', NULL, NULL);
INSERT INTO public.device_history VALUES (1365, 11, 1, '0dcbd335-850c-44db-8843-295b51de031e', 33.5625, 4.320106, 37.88261, '2023-07-05 22:52:25.288601', NULL, NULL);
INSERT INTO public.device_history VALUES (1366, 11, 1, '0dcbd335-850c-44db-8843-295b51de031e', 33.4375, 5.448561, 38.88606, '2023-07-05 22:52:32.868086', NULL, NULL);
INSERT INTO public.device_history VALUES (1367, 11, 1, '0dcbd335-850c-44db-8843-295b51de031e', 33.3125, 7.7713, 41.0838, '2023-07-05 22:52:39.978917', NULL, NULL);
INSERT INTO public.device_history VALUES (1368, 11, 1, '0dcbd335-850c-44db-8843-295b51de031e', 33.25, 7.545609, 40.79561, '2023-07-05 22:52:47.10816', NULL, NULL);
INSERT INTO public.device_history VALUES (1369, 11, 1, '0dcbd335-850c-44db-8843-295b51de031e', 33.25, 7.047207, 40.29721, '2023-07-05 22:52:54.669456', NULL, NULL);
INSERT INTO public.device_history VALUES (1370, 11, 1, '0dcbd335-850c-44db-8843-295b51de031e', 33.1875, 6.624036, 39.81153, '2023-07-05 22:53:01.72601', NULL, NULL);
INSERT INTO public.device_history VALUES (1371, 11, 1, '0dcbd335-850c-44db-8843-295b51de031e', 33.125, 6.812112, 39.93711, '2023-07-05 22:53:08.909179', NULL, NULL);
INSERT INTO public.device_history VALUES (1372, 11, 1, '0dcbd335-850c-44db-8843-295b51de031e', 33.0625, 6.802708, 39.86521, '2023-07-05 22:53:16.479764', NULL, NULL);
INSERT INTO public.device_history VALUES (1373, 11, 1, '0dcbd335-850c-44db-8843-295b51de031e', 32.9375, 6.586421, 39.52392, '2023-07-05 22:53:21.409176', NULL, NULL);
INSERT INTO public.device_history VALUES (1374, 11, 1, '0dcbd335-850c-44db-8843-295b51de031e', 32.875, 7.094226, 39.96923, '2023-07-05 22:53:29.209177', NULL, NULL);
INSERT INTO public.device_history VALUES (1375, 11, 1, '0dcbd335-850c-44db-8843-295b51de031e', 32.8125, 7.122437, 39.93494, '2023-07-05 22:53:34.129905', NULL, NULL);
INSERT INTO public.device_history VALUES (1376, 11, 1, '0dcbd335-850c-44db-8843-295b51de031e', 32.75, 6.539402, 39.2894, '2023-07-05 22:53:41.829611', NULL, NULL);
INSERT INTO public.device_history VALUES (1377, 11, 1, '0dcbd335-850c-44db-8843-295b51de031e', 32.6875, 6.990784, 39.67828, '2023-07-05 22:53:49.154193', NULL, NULL);
INSERT INTO public.device_history VALUES (1378, 11, 1, '0dcbd335-850c-44db-8843-295b51de031e', 32.5625, 7.037803, 39.6003, '2023-07-05 22:53:54.089875', NULL, NULL);
INSERT INTO public.device_history VALUES (1379, 11, 1, '0dcbd335-850c-44db-8843-295b51de031e', 32.5, 6.943765, 39.44376, '2023-07-05 22:54:01.038713', NULL, NULL);
INSERT INTO public.device_history VALUES (1380, 11, 1, '0dcbd335-850c-44db-8843-295b51de031e', 32.3125, 6.859131, 39.17163, '2023-07-05 22:54:08.410274', NULL, NULL);
INSERT INTO public.device_history VALUES (1381, 11, 1, '0dcbd335-850c-44db-8843-295b51de031e', 32.125, 6.605228, 38.73023, '2023-07-05 22:54:15.799182', NULL, NULL);
INSERT INTO public.device_history VALUES (1382, 11, 1, '0dcbd335-850c-44db-8843-295b51de031e', 32.125, 6.783901, 38.9089, '2023-07-05 22:54:22.027828', NULL, NULL);
INSERT INTO public.device_history VALUES (1383, 11, 1, '0dcbd335-850c-44db-8843-295b51de031e', 32, 6.689863, 38.68986, '2023-07-05 22:54:27.350401', NULL, NULL);
INSERT INTO public.device_history VALUES (1384, 11, 1, '0dcbd335-850c-44db-8843-295b51de031e', 31.9375, 6.849727, 38.78723, '2023-07-05 22:54:34.719541', NULL, NULL);
INSERT INTO public.device_history VALUES (1385, 11, 1, '0dcbd335-850c-44db-8843-295b51de031e', 31.875, 7.018996, 38.894, '2023-07-05 22:54:41.709158', NULL, NULL);
INSERT INTO public.device_history VALUES (1386, 11, 1, '0dcbd335-850c-44db-8843-295b51de031e', 31.8125, 6.661651, 38.47415, '2023-07-05 22:54:46.070379', NULL, NULL);
INSERT INTO public.device_history VALUES (1387, 11, 1, '0dcbd335-850c-44db-8843-295b51de031e', 31.75, 6.962573, 38.71257, '2023-07-05 22:54:53.040091', NULL, NULL);
INSERT INTO public.device_history VALUES (1388, 11, 1, '0dcbd335-850c-44db-8843-295b51de031e', 31.6875, 6.934361, 38.62186, '2023-07-05 22:55:01.689269', NULL, NULL);
INSERT INTO public.device_history VALUES (1389, 11, 1, '0dcbd335-850c-44db-8843-295b51de031e', 31.625, 6.736882, 38.36188, '2023-07-05 22:55:09.02948', NULL, NULL);
INSERT INTO public.device_history VALUES (1390, 11, 1, '0dcbd335-850c-44db-8843-295b51de031e', 31.625, 6.43596, 38.06096, '2023-07-05 22:55:16.608969', NULL, NULL);
INSERT INTO public.device_history VALUES (1391, 11, 1, '0dcbd335-850c-44db-8843-295b51de031e', 31.5, 6.529998, 38.03, '2023-07-05 22:55:22.889436', NULL, NULL);
INSERT INTO public.device_history VALUES (1392, 11, 1, '0dcbd335-850c-44db-8843-295b51de031e', 31.5, 6.153846, 37.65385, '2023-07-05 22:55:31.640387', NULL, NULL);
INSERT INTO public.device_history VALUES (1393, 11, 1, '0dcbd335-850c-44db-8843-295b51de031e', 31.4375, 7.150649, 38.58815, '2023-07-05 22:55:40.049094', NULL, NULL);
INSERT INTO public.device_history VALUES (1394, 11, 1, '0dcbd335-850c-44db-8843-295b51de031e', 31.4375, 6.567613, 38.00511, '2023-07-05 22:55:47.175816', NULL, NULL);
INSERT INTO public.device_history VALUES (1395, 11, 1, '0dcbd335-850c-44db-8843-295b51de031e', 31.375, 8.04401, 39.41901, '2023-07-05 22:55:52.249689', NULL, NULL);
INSERT INTO public.device_history VALUES (1396, 11, 1, '0dcbd335-850c-44db-8843-295b51de031e', 31.3125, 8.373143, 39.68564, '2023-07-05 22:55:59.741477', NULL, NULL);
INSERT INTO public.device_history VALUES (1397, 11, 1, '0dcbd335-850c-44db-8843-295b51de031e', 31.25, 8.344932, 39.59493, '2023-07-05 22:56:07.189743', NULL, NULL);
INSERT INTO public.device_history VALUES (1398, 11, 1, '0dcbd335-850c-44db-8843-295b51de031e', 31.25, 8.899756, 40.14976, '2023-07-05 22:56:14.470069', NULL, NULL);
INSERT INTO public.device_history VALUES (1399, 11, 1, '0dcbd335-850c-44db-8843-295b51de031e', 31.25, 8.730487, 39.98049, '2023-07-05 22:56:22.868812', NULL, NULL);
INSERT INTO public.device_history VALUES (1400, 11, 1, '0dcbd335-850c-44db-8843-295b51de031e', 31.1875, 9.172465, 40.35997, '2023-07-05 22:56:28.530212', NULL, NULL);
INSERT INTO public.device_history VALUES (1401, 11, 1, '0dcbd335-850c-44db-8843-295b51de031e', 31.125, 8.993794, 40.11879, '2023-07-05 22:56:33.509042', NULL, NULL);
INSERT INTO public.device_history VALUES (1402, 11, 1, '0dcbd335-850c-44db-8843-295b51de031e', 31.0625, 8.862141, 39.92464, '2023-07-05 22:56:38.729645', NULL, NULL);
INSERT INTO public.device_history VALUES (1403, 11, 1, '0dcbd335-850c-44db-8843-295b51de031e', 31.0625, 9.238293, 40.30079, '2023-07-05 22:56:43.570655', NULL, NULL);
INSERT INTO public.device_history VALUES (1404, 10, 1, '0dcbd335-850c-44db-8843-295b51de031e', 31, 9.040812, 40.04081, '2023-07-05 22:56:51.551163', NULL, NULL);
INSERT INTO public.device_history VALUES (1405, 10, 1, '0dcbd335-850c-44db-8843-295b51de031e', 31, 9.219484, 40.21948, '2023-07-05 22:56:58.609798', NULL, NULL);
INSERT INTO public.device_history VALUES (1406, 10, 1, '0dcbd335-850c-44db-8843-295b51de031e', 31, 9.313522, 40.31352, '2023-07-05 22:57:05.729408', NULL, NULL);
INSERT INTO public.device_history VALUES (1407, 10, 1, '0dcbd335-850c-44db-8843-295b51de031e', 30.9375, 9.332331, 40.26983, '2023-07-05 22:57:13.013793', NULL, NULL);
INSERT INTO public.device_history VALUES (1408, 10, 1, '0dcbd335-850c-44db-8843-295b51de031e', 30.875, 9.398157, 40.27316, '2023-07-05 22:57:20.802157', NULL, NULL);
INSERT INTO public.device_history VALUES (1409, 10, 1, '0dcbd335-850c-44db-8843-295b51de031e', 30.875, 9.388753, 40.26375, '2023-07-05 22:57:28.608636', NULL, NULL);
INSERT INTO public.device_history VALUES (1410, 10, 1, '0dcbd335-850c-44db-8843-295b51de031e', 30.8125, 9.463984, 40.27648, '2023-07-05 22:57:35.938893', NULL, NULL);
INSERT INTO public.device_history VALUES (1411, 10, 1, '0dcbd335-850c-44db-8843-295b51de031e', 30.75, 9.275908, 40.02591, '2023-07-05 22:57:43.549562', NULL, NULL);
INSERT INTO public.device_history VALUES (1412, 10, 1, '0dcbd335-850c-44db-8843-295b51de031e', 30.75, 9.398157, 40.14816, '2023-07-05 22:57:48.449708', NULL, NULL);
INSERT INTO public.device_history VALUES (1413, 10, 1, '0dcbd335-850c-44db-8843-295b51de031e', 30.6875, 9.219484, 39.90698, '2023-07-05 22:57:56.239643', NULL, NULL);
INSERT INTO public.device_history VALUES (1414, 10, 1, '0dcbd335-850c-44db-8843-295b51de031e', 30.6875, 9.332331, 40.01983, '2023-07-05 22:58:03.530132', NULL, NULL);
INSERT INTO public.device_history VALUES (1415, 10, 1, '0dcbd335-850c-44db-8843-295b51de031e', 30.6875, 9.520406, 40.2079, '2023-07-05 22:58:10.550351', NULL, NULL);
INSERT INTO public.device_history VALUES (1416, 10, 1, '0dcbd335-850c-44db-8843-295b51de031e', 30.625, 9.52981, 40.15481, '2023-07-05 22:58:17.749037', NULL, NULL);
INSERT INTO public.device_history VALUES (1417, 10, 1, '0dcbd335-850c-44db-8843-295b51de031e', 30.5625, 9.191274, 39.75377, '2023-07-05 22:58:24.669027', NULL, NULL);
INSERT INTO public.device_history VALUES (1418, 10, 1, '0dcbd335-850c-44db-8843-295b51de031e', 30.5, 9.304119, 39.80412, '2023-07-05 22:58:31.49987', NULL, NULL);
INSERT INTO public.device_history VALUES (1419, 10, 1, '0dcbd335-850c-44db-8843-295b51de031e', 30.5, 9.558022, 40.05802, '2023-07-05 22:58:40.369811', NULL, NULL);
INSERT INTO public.device_history VALUES (1420, 10, 1, '0dcbd335-850c-44db-8843-295b51de031e', 30.4375, 9.294715, 39.73222, '2023-07-05 22:58:45.810218', NULL, NULL);
INSERT INTO public.device_history VALUES (1421, 10, 1, '0dcbd335-850c-44db-8843-295b51de031e', 30.4375, 9.40756, 39.84506, '2023-07-05 22:59:04.849618', NULL, NULL);
INSERT INTO public.device_history VALUES (1422, 10, 1, '0dcbd335-850c-44db-8843-295b51de031e', 30.4375, 9.40756, 39.84506, '2023-07-05 22:59:09.270367', NULL, NULL);
INSERT INTO public.device_history VALUES (1423, 10, 1, '0dcbd335-850c-44db-8843-295b51de031e', 30.375, 9.595636, 39.97063, '2023-07-05 22:59:13.689267', NULL, NULL);
INSERT INTO public.device_history VALUES (1424, 10, 1, '0dcbd335-850c-44db-8843-295b51de031e', 30.375, 9.548617, 39.92362, '2023-07-05 22:59:20.450932', NULL, NULL);
INSERT INTO public.device_history VALUES (1425, 10, 1, '0dcbd335-850c-44db-8843-295b51de031e', 30.375, 9.426369, 39.80137, '2023-07-05 22:59:28.308463', NULL, NULL);
INSERT INTO public.device_history VALUES (1426, 10, 1, '0dcbd335-850c-44db-8843-295b51de031e', 30.3125, 9.304119, 39.61662, '2023-07-05 22:59:33.012269', NULL, NULL);
INSERT INTO public.device_history VALUES (1427, 10, 1, '0dcbd335-850c-44db-8843-295b51de031e', 30.3125, 9.511003, 39.8235, '2023-07-05 22:59:39.828895', NULL, NULL);
INSERT INTO public.device_history VALUES (1428, 10, 1, '0dcbd335-850c-44db-8843-295b51de031e', 30.25, 9.369946, 39.61995, '2023-07-05 22:59:47.148551', NULL, NULL);
INSERT INTO public.device_history VALUES (1429, 10, 1, '0dcbd335-850c-44db-8843-295b51de031e', 30.3125, 9.558022, 39.87052, '2023-07-05 22:59:54.930487', NULL, NULL);
INSERT INTO public.device_history VALUES (1430, 10, 1, '0dcbd335-850c-44db-8843-295b51de031e', 30.3125, 9.398157, 39.71066, '2023-07-05 23:00:02.599519', NULL, NULL);
INSERT INTO public.device_history VALUES (1431, 10, 1, '0dcbd335-850c-44db-8843-295b51de031e', 30.25, 9.247696, 39.4977, '2023-07-05 23:00:10.509915', NULL, NULL);
INSERT INTO public.device_history VALUES (1432, 10, 1, '0dcbd335-850c-44db-8843-295b51de031e', 30.25, 9.548617, 39.79862, '2023-07-05 23:00:17.688008', NULL, NULL);
INSERT INTO public.device_history VALUES (1433, 10, 1, '0dcbd335-850c-44db-8843-295b51de031e', 30.1875, 9.52981, 39.71731, '2023-07-05 23:00:24.54872', NULL, NULL);
INSERT INTO public.device_history VALUES (1434, 10, 1, '0dcbd335-850c-44db-8843-295b51de031e', 30.1875, 9.586233, 39.77374, '2023-07-05 23:00:29.969643', NULL, NULL);
INSERT INTO public.device_history VALUES (1435, 10, 1, '0dcbd335-850c-44db-8843-295b51de031e', 30.1875, 9.482791, 39.67029, '2023-07-05 23:00:38.249535', NULL, NULL);
INSERT INTO public.device_history VALUES (1436, 10, 1, '0dcbd335-850c-44db-8843-295b51de031e', 30.1875, 9.426369, 39.61387, '2023-07-05 23:00:42.909731', NULL, NULL);
INSERT INTO public.device_history VALUES (1437, 10, 1, '0dcbd335-850c-44db-8843-295b51de031e', 30.125, 9.482791, 39.60779, '2023-07-05 23:00:50.109731', NULL, NULL);
INSERT INTO public.device_history VALUES (1438, 10, 1, '0dcbd335-850c-44db-8843-295b51de031e', 30.125, 9.360541, 39.48554, '2023-07-05 23:00:58.110467', NULL, NULL);
INSERT INTO public.device_history VALUES (1439, 10, 1, '0dcbd335-850c-44db-8843-295b51de031e', 30.125, 9.567425, 39.69242, '2023-07-05 23:01:03.230943', NULL, NULL);
INSERT INTO public.device_history VALUES (1440, 10, 1, '0dcbd335-850c-44db-8843-295b51de031e', 30.125, 9.52981, 39.65481, '2023-07-05 23:01:08.439207', NULL, NULL);
INSERT INTO public.device_history VALUES (1441, 10, 1, '0dcbd335-850c-44db-8843-295b51de031e', 30.125, 9.492195, 39.6172, '2023-07-05 23:01:13.528949', NULL, NULL);
INSERT INTO public.device_history VALUES (1442, 10, 1, '0dcbd335-850c-44db-8843-295b51de031e', 30.125, 9.332331, 39.45733, '2023-07-05 23:01:20.874984', NULL, NULL);
INSERT INTO public.device_history VALUES (1443, 10, 1, '0dcbd335-850c-44db-8843-295b51de031e', 30.125, 9.304119, 39.42912, '2023-07-05 23:01:27.81944', NULL, NULL);
INSERT INTO public.device_history VALUES (1444, 10, 1, '0dcbd335-850c-44db-8843-295b51de031e', 30.0625, 9.576829, 39.63933, '2023-07-05 23:01:35.069159', NULL, NULL);
INSERT INTO public.device_history VALUES (1445, 10, 1, '0dcbd335-850c-44db-8843-295b51de031e', 30.0625, 9.492195, 39.5547, '2023-07-05 23:01:42.2492', NULL, NULL);
INSERT INTO public.device_history VALUES (1446, 10, 1, '0dcbd335-850c-44db-8843-295b51de031e', 30.0625, 9.388753, 39.45125, '2023-07-05 23:01:49.930281', NULL, NULL);
INSERT INTO public.device_history VALUES (1447, 10, 1, '0dcbd335-850c-44db-8843-295b51de031e', 30.0625, 9.501598, 39.5641, '2023-07-05 23:01:55.969503', NULL, NULL);
INSERT INTO public.device_history VALUES (1448, 10, 1, '0dcbd335-850c-44db-8843-295b51de031e', 30, 9.642655, 39.64265, '2023-07-05 23:02:00.619831', NULL, NULL);
INSERT INTO public.device_history VALUES (1449, 10, 1, '0dcbd335-850c-44db-8843-295b51de031e', 30, 9.416965, 39.41697, '2023-07-05 23:02:05.679672', NULL, NULL);
INSERT INTO public.device_history VALUES (1450, 10, 1, '0dcbd335-850c-44db-8843-295b51de031e', 30, 9.52981, 39.52981, '2023-07-05 23:02:12.897757', NULL, NULL);
INSERT INTO public.device_history VALUES (1451, 10, 1, '0dcbd335-850c-44db-8843-295b51de031e', 30, 9.605041, 39.60504, '2023-07-05 23:02:17.909352', NULL, NULL);
INSERT INTO public.device_history VALUES (1452, 10, 1, '0dcbd335-850c-44db-8843-295b51de031e', 30, 9.708482, 39.70848, '2023-07-05 23:02:24.892716', NULL, NULL);
INSERT INTO public.device_history VALUES (1453, 10, 1, '0dcbd335-850c-44db-8843-295b51de031e', 29.9375, 9.567425, 39.50492, '2023-07-05 23:02:31.929811', NULL, NULL);
INSERT INTO public.device_history VALUES (1454, 10, 1, '0dcbd335-850c-44db-8843-295b51de031e', 30, 9.435772, 39.43577, '2023-07-05 23:02:39.108769', NULL, NULL);
INSERT INTO public.device_history VALUES (1455, 10, 1, '0dcbd335-850c-44db-8843-295b51de031e', 30, 9.586233, 39.58624, '2023-07-05 23:02:46.663397', NULL, NULL);
INSERT INTO public.device_history VALUES (1456, 10, 1, '0dcbd335-850c-44db-8843-295b51de031e', 30, 9.558022, 39.55802, '2023-07-05 23:02:51.728468', NULL, NULL);
INSERT INTO public.device_history VALUES (1457, 10, 1, '0dcbd335-850c-44db-8843-295b51de031e', 30, 9.304119, 39.30412, '2023-07-05 23:03:05.408847', NULL, NULL);
INSERT INTO public.device_history VALUES (1458, 10, 1, '0dcbd335-850c-44db-8843-295b51de031e', 30, 9.304119, 39.30412, '2023-07-05 23:03:07.33965', NULL, NULL);
INSERT INTO public.device_history VALUES (1459, 10, 1, '0dcbd335-850c-44db-8843-295b51de031e', 30, 9.463984, 39.46398, '2023-07-05 23:03:14.811056', NULL, NULL);
INSERT INTO public.device_history VALUES (1460, 10, 1, '0dcbd335-850c-44db-8843-295b51de031e', 29.9375, 9.294715, 39.23222, '2023-07-05 23:03:19.964965', NULL, NULL);
INSERT INTO public.device_history VALUES (1461, 10, 1, '0dcbd335-850c-44db-8843-295b51de031e', 30, 9.463984, 39.46398, '2023-07-05 23:03:27.508576', NULL, NULL);
INSERT INTO public.device_history VALUES (1462, 10, 1, '0dcbd335-850c-44db-8843-295b51de031e', 30, 9.351138, 39.35114, '2023-07-05 23:03:35.35011', NULL, NULL);
INSERT INTO public.device_history VALUES (1463, 10, 1, '0dcbd335-850c-44db-8843-295b51de031e', 29.9375, 9.539214, 39.47672, '2023-07-05 23:03:44.010121', NULL, NULL);
INSERT INTO public.device_history VALUES (1464, 10, 1, '0dcbd335-850c-44db-8843-295b51de031e', 29.9375, 9.605041, 39.54254, '2023-07-05 23:03:53.569532', NULL, NULL);
INSERT INTO public.device_history VALUES (1465, 10, 1, '0dcbd335-850c-44db-8843-295b51de031e', 29.9375, 9.605041, 39.54254, '2023-07-05 23:03:55.693994', NULL, NULL);
INSERT INTO public.device_history VALUES (1466, 10, 1, '0dcbd335-850c-44db-8843-295b51de031e', 29.9375, 9.558022, 39.49552, '2023-07-05 23:04:02.764803', NULL, NULL);
INSERT INTO public.device_history VALUES (1467, 10, 1, '0dcbd335-850c-44db-8843-295b51de031e', 30, 9.576829, 39.57683, '2023-07-05 23:04:09.729262', NULL, NULL);
INSERT INTO public.device_history VALUES (1468, 10, 1, '0dcbd335-850c-44db-8843-295b51de031e', 30.0625, 9.454579, 39.51708, '2023-07-05 23:04:16.969582', NULL, NULL);
INSERT INTO public.device_history VALUES (1469, 10, 1, '0dcbd335-850c-44db-8843-295b51de031e', 30.125, 9.341734, 39.46674, '2023-07-05 23:04:24.669062', NULL, NULL);
INSERT INTO public.device_history VALUES (1470, 10, 1, '0dcbd335-850c-44db-8843-295b51de031e', 30.25, 9.65206, 39.90206, '2023-07-05 23:04:29.479367', NULL, NULL);
INSERT INTO public.device_history VALUES (1471, 10, 1, '0dcbd335-850c-44db-8843-295b51de031e', 30.25, 9.680271, 39.93027, '2023-07-05 23:04:38.069855', NULL, NULL);
INSERT INTO public.device_history VALUES (1472, 10, 1, '0dcbd335-850c-44db-8843-295b51de031e', 30.1875, 7.254091, 37.44159, '2023-07-05 23:04:43.469108', NULL, NULL);
INSERT INTO public.device_history VALUES (1473, 10, 1, '0dcbd335-850c-44db-8843-295b51de031e', 30.125, 6.877939, 37.00294, '2023-07-05 23:04:51.029677', NULL, NULL);
INSERT INTO public.device_history VALUES (1474, 10, 1, '0dcbd335-850c-44db-8843-295b51de031e', 30.125, 6.962573, 37.08757, '2023-07-05 23:04:58.728178', NULL, NULL);
INSERT INTO public.device_history VALUES (1475, 10, 1, '0dcbd335-850c-44db-8843-295b51de031e', 30.125, 7.10363, 37.22863, '2023-07-05 23:05:06.430274', NULL, NULL);
INSERT INTO public.device_history VALUES (1476, 10, 1, '0dcbd335-850c-44db-8843-295b51de031e', 30.125, 7.160053, 37.28505, '2023-07-05 23:05:13.509956', NULL, NULL);
INSERT INTO public.device_history VALUES (1477, 10, 1, '0dcbd335-850c-44db-8843-295b51de031e', 30.125, 7.272898, 37.3979, '2023-07-05 23:05:20.988498', NULL, NULL);
INSERT INTO public.device_history VALUES (1478, 10, 1, '0dcbd335-850c-44db-8843-295b51de031e', 30.125, 7.225879, 37.35088, '2023-07-05 23:05:28.290063', NULL, NULL);
INSERT INTO public.device_history VALUES (1479, 10, 1, '0dcbd335-850c-44db-8843-295b51de031e', 30.1875, 7.291706, 37.47921, '2023-07-05 23:05:35.770626', NULL, NULL);
INSERT INTO public.device_history VALUES (1480, 10, 1, '0dcbd335-850c-44db-8843-295b51de031e', 30.1875, 7.169456, 37.35696, '2023-07-05 23:05:43.534136', NULL, NULL);
INSERT INTO public.device_history VALUES (1481, 10, 1, '0dcbd335-850c-44db-8843-295b51de031e', 30.1875, 7.10363, 37.29113, '2023-07-05 23:05:51.86965', NULL, NULL);
INSERT INTO public.device_history VALUES (1482, 10, 1, '0dcbd335-850c-44db-8843-295b51de031e', 30.1875, 7.094226, 37.28173, '2023-07-05 23:05:57.07021', NULL, NULL);
INSERT INTO public.device_history VALUES (1483, 10, 1, '0dcbd335-850c-44db-8843-295b51de031e', 30.1875, 7.197668, 37.38517, '2023-07-05 23:06:04.270304', NULL, NULL);
INSERT INTO public.device_history VALUES (1484, 10, 1, '0dcbd335-850c-44db-8843-295b51de031e', 30.1875, 7.131841, 37.31934, '2023-07-05 23:06:11.680537', NULL, NULL);
INSERT INTO public.device_history VALUES (1485, 10, 1, '0dcbd335-850c-44db-8843-295b51de031e', 30.1875, 7.113034, 37.30053, '2023-07-05 23:06:22.049354', NULL, NULL);
INSERT INTO public.device_history VALUES (1486, 10, 1, '0dcbd335-850c-44db-8843-295b51de031e', 30.1875, 7.113034, 37.30053, '2023-07-05 23:06:24.119509', NULL, NULL);
INSERT INTO public.device_history VALUES (1487, 10, 1, '0dcbd335-850c-44db-8843-295b51de031e', 30.125, 7.084822, 37.20982, '2023-07-05 23:06:31.848574', NULL, NULL);
INSERT INTO public.device_history VALUES (1488, 10, 1, '0dcbd335-850c-44db-8843-295b51de031e', 30.125, 7.225879, 37.35088, '2023-07-05 23:06:39.130708', NULL, NULL);
INSERT INTO public.device_history VALUES (1489, 10, 1, '0dcbd335-850c-44db-8843-295b51de031e', 30.1875, 7.037803, 37.2253, '2023-07-05 23:06:47.730141', NULL, NULL);
INSERT INTO public.device_history VALUES (1490, 10, 1, '0dcbd335-850c-44db-8843-295b51de031e', 30.1875, 7.291706, 37.47921, '2023-07-05 23:06:52.568821', NULL, NULL);
INSERT INTO public.device_history VALUES (1491, 10, 1, '0dcbd335-850c-44db-8843-295b51de031e', 30.125, 7.150649, 37.27565, '2023-07-05 23:06:58.370121', NULL, NULL);
INSERT INTO public.device_history VALUES (1492, 10, 1, '0dcbd335-850c-44db-8843-295b51de031e', 30.125, 6.943765, 37.06876, '2023-07-05 23:07:05.009912', NULL, NULL);
INSERT INTO public.device_history VALUES (1493, 10, 1, '0dcbd335-850c-44db-8843-295b51de031e', 30.125, 6.896746, 37.02175, '2023-07-05 23:07:12.089263', NULL, NULL);
INSERT INTO public.device_history VALUES (1494, 10, 1, '0dcbd335-850c-44db-8843-295b51de031e', 30.125, 7.169456, 37.29446, '2023-07-05 23:07:19.54986', NULL, NULL);
INSERT INTO public.device_history VALUES (1495, 10, 1, '0dcbd335-850c-44db-8843-295b51de031e', 30.125, 6.821516, 36.94652, '2023-07-05 23:07:27.049873', NULL, NULL);
INSERT INTO public.device_history VALUES (1496, 10, 1, '0dcbd335-850c-44db-8843-295b51de031e', 30.1875, 7.056611, 37.24411, '2023-07-05 23:07:32.969058', NULL, NULL);
INSERT INTO public.device_history VALUES (1497, 10, 1, '0dcbd335-850c-44db-8843-295b51de031e', 30.1875, 6.990784, 37.17828, '2023-07-05 23:07:40.16975', NULL, NULL);
INSERT INTO public.device_history VALUES (1498, 10, 1, '0dcbd335-850c-44db-8843-295b51de031e', 30.125, 7.10363, 37.22863, '2023-07-05 23:07:47.250373', NULL, NULL);
INSERT INTO public.device_history VALUES (1499, 10, 1, '0dcbd335-850c-44db-8843-295b51de031e', 30.1875, 7.150649, 37.33815, '2023-07-05 23:07:54.870466', NULL, NULL);
INSERT INTO public.device_history VALUES (1500, 10, 1, '0dcbd335-850c-44db-8843-295b51de031e', 30.1875, 6.877939, 37.06544, '2023-07-05 23:08:02.669289', NULL, NULL);
INSERT INTO public.device_history VALUES (1501, 10, 1, '0dcbd335-850c-44db-8843-295b51de031e', 30.1875, 7.131841, 37.31934, '2023-07-05 23:08:07.252116', NULL, NULL);
INSERT INTO public.device_history VALUES (1502, 10, 1, '0dcbd335-850c-44db-8843-295b51de031e', 30.1875, 6.802708, 36.99021, '2023-07-05 23:08:15.249754', NULL, NULL);
INSERT INTO public.device_history VALUES (1503, 10, 1, '0dcbd335-850c-44db-8843-295b51de031e', 30.1875, 7.009592, 37.19709, '2023-07-05 23:08:20.171984', NULL, NULL);
INSERT INTO public.device_history VALUES (1504, 10, 1, '0dcbd335-850c-44db-8843-295b51de031e', 30.1875, 7.150649, 37.33815, '2023-07-05 23:08:27.849437', NULL, NULL);
INSERT INTO public.device_history VALUES (1505, 10, 1, '0dcbd335-850c-44db-8843-295b51de031e', 30.25, 6.840323, 37.09032, '2023-07-05 23:08:32.609881', NULL, NULL);
INSERT INTO public.device_history VALUES (1506, 10, 1, '0dcbd335-850c-44db-8843-295b51de031e', 30.25, 7.047207, 37.29721, '2023-07-05 23:08:40.16885', NULL, NULL);
INSERT INTO public.device_history VALUES (1507, 10, 1, '0dcbd335-850c-44db-8843-295b51de031e', 30.375, 7.188264, 37.56326, '2023-07-05 23:08:47.069434', NULL, NULL);
INSERT INTO public.device_history VALUES (1508, 10, 1, '0dcbd335-850c-44db-8843-295b51de031e', 30.3125, 6.887342, 37.19984, '2023-07-05 23:08:53.98935', NULL, NULL);
INSERT INTO public.device_history VALUES (1509, 10, 1, '0dcbd335-850c-44db-8843-295b51de031e', 30.3125, 6.840323, 37.15282, '2023-07-05 23:09:00.8701', NULL, NULL);
INSERT INTO public.device_history VALUES (1510, 10, 1, '0dcbd335-850c-44db-8843-295b51de031e', 30.25, 6.971977, 37.22198, '2023-07-05 23:09:08.190386', NULL, NULL);
INSERT INTO public.device_history VALUES (1511, 10, 1, '0dcbd335-850c-44db-8843-295b51de031e', 30.25, 7.094226, 37.34423, '2023-07-05 23:09:15.350727', NULL, NULL);
INSERT INTO public.device_history VALUES (1512, 10, 1, '0dcbd335-850c-44db-8843-295b51de031e', 30.1875, 6.962573, 37.15007, '2023-07-05 23:09:22.209024', NULL, NULL);
INSERT INTO public.device_history VALUES (1513, 10, 1, '0dcbd335-850c-44db-8843-295b51de031e', 30.1875, 6.859131, 37.04663, '2023-07-05 23:09:29.068997', NULL, NULL);
INSERT INTO public.device_history VALUES (1514, 10, 1, '0dcbd335-850c-44db-8843-295b51de031e', 30.125, 6.990784, 37.11578, '2023-07-05 23:09:36.139016', NULL, NULL);
INSERT INTO public.device_history VALUES (1515, 10, 1, '0dcbd335-850c-44db-8843-295b51de031e', 30.125, 7.131841, 37.25684, '2023-07-05 23:09:41.590071', NULL, NULL);
INSERT INTO public.device_history VALUES (1516, 10, 1, '0dcbd335-850c-44db-8843-295b51de031e', 30.125, 6.736882, 36.86188, '2023-07-05 23:09:49.210103', NULL, NULL);
INSERT INTO public.device_history VALUES (1517, 10, 1, '0dcbd335-850c-44db-8843-295b51de031e', 30.0625, 6.821516, 36.88402, '2023-07-05 23:09:55.969214', NULL, NULL);
INSERT INTO public.device_history VALUES (1518, 10, 1, '0dcbd335-850c-44db-8843-295b51de031e', 30.25, 7.009592, 37.25959, '2023-07-05 23:10:02.959522', NULL, NULL);
INSERT INTO public.device_history VALUES (1519, 10, 1, '0dcbd335-850c-44db-8843-295b51de031e', 30.1875, 6.990784, 37.17828, '2023-07-05 23:10:10.560038', NULL, NULL);
INSERT INTO public.device_history VALUES (1520, 10, 1, '0dcbd335-850c-44db-8843-295b51de031e', 30.125, 6.840323, 36.96532, '2023-07-05 23:10:17.849307', NULL, NULL);
INSERT INTO public.device_history VALUES (1521, 10, 1, '0dcbd335-850c-44db-8843-295b51de031e', 30.1875, 7.141245, 37.32874, '2023-07-05 23:10:24.829377', NULL, NULL);
INSERT INTO public.device_history VALUES (1522, 10, 1, '0dcbd335-850c-44db-8843-295b51de031e', 30.125, 7.084822, 37.20982, '2023-07-05 23:10:32.950306', NULL, NULL);
INSERT INTO public.device_history VALUES (1523, 10, 1, '0dcbd335-850c-44db-8843-295b51de031e', 30.125, 6.70867, 36.83367, '2023-07-05 23:10:39.950689', NULL, NULL);
INSERT INTO public.device_history VALUES (1524, 10, 1, '0dcbd335-850c-44db-8843-295b51de031e', 30.0625, 7.037803, 37.1003, '2023-07-05 23:10:47.059835', NULL, NULL);
INSERT INTO public.device_history VALUES (1525, 10, 1, '0dcbd335-850c-44db-8843-295b51de031e', 30.0625, 7.131841, 37.19434, '2023-07-05 23:10:54.492217', NULL, NULL);
INSERT INTO public.device_history VALUES (1526, 10, 1, '0dcbd335-850c-44db-8843-295b51de031e', 30.0625, 7.141245, 37.20374, '2023-07-05 23:11:02.025401', NULL, NULL);
INSERT INTO public.device_history VALUES (1527, 10, 1, '0dcbd335-850c-44db-8843-295b51de031e', 30, 6.840323, 36.84032, '2023-07-05 23:11:09.899046', NULL, NULL);
INSERT INTO public.device_history VALUES (1528, 10, 1, '0dcbd335-850c-44db-8843-295b51de031e', 30, 7.225879, 37.22588, '2023-07-05 23:11:17.430527', NULL, NULL);
INSERT INTO public.device_history VALUES (1529, 10, 1, '0dcbd335-850c-44db-8843-295b51de031e', 30, 7.037803, 37.0378, '2023-07-05 23:11:23.649582', NULL, NULL);
INSERT INTO public.device_history VALUES (1530, 10, 1, '0dcbd335-850c-44db-8843-295b51de031e', 30, 6.934361, 36.93436, '2023-07-05 23:11:31.36804', NULL, NULL);
INSERT INTO public.device_history VALUES (1531, 10, 1, '0dcbd335-850c-44db-8843-295b51de031e', 30, 6.689863, 36.68986, '2023-07-05 23:11:39.190632', NULL, NULL);
INSERT INTO public.device_history VALUES (1532, 10, 1, '0dcbd335-850c-44db-8843-295b51de031e', 30, 6.689863, 36.68986, '2023-07-05 23:11:44.26421', NULL, NULL);
INSERT INTO public.device_history VALUES (1533, 10, 1, '0dcbd335-850c-44db-8843-295b51de031e', 29.9375, 6.736882, 36.67438, '2023-07-05 23:11:53.069688', NULL, NULL);
INSERT INTO public.device_history VALUES (1534, 10, 1, '0dcbd335-850c-44db-8843-295b51de031e', 29.9375, 6.962573, 36.90007, '2023-07-05 23:11:59.109849', NULL, NULL);
INSERT INTO public.device_history VALUES (1535, 10, 1, '0dcbd335-850c-44db-8843-295b51de031e', 29.9375, 6.990784, 36.92828, '2023-07-05 23:12:06.371765', NULL, NULL);
INSERT INTO public.device_history VALUES (1536, 10, 1, '0dcbd335-850c-44db-8843-295b51de031e', 30, 7.131841, 37.13184, '2023-07-05 23:12:14.523603', NULL, NULL);
INSERT INTO public.device_history VALUES (1537, 10, 1, '0dcbd335-850c-44db-8843-295b51de031e', 30.0625, 7.000188, 37.06269, '2023-07-05 23:12:22.029867', NULL, NULL);
INSERT INTO public.device_history VALUES (1538, 10, 1, '0dcbd335-850c-44db-8843-295b51de031e', 30.0625, 7.075418, 37.13792, '2023-07-05 23:12:26.970218', NULL, NULL);
INSERT INTO public.device_history VALUES (1539, 10, 1, '0dcbd335-850c-44db-8843-295b51de031e', 30.0625, 7.094226, 37.15673, '2023-07-05 23:12:37.910286', NULL, NULL);
INSERT INTO public.device_history VALUES (1540, 10, 1, '0dcbd335-850c-44db-8843-295b51de031e', 30, 6.83092, 36.83092, '2023-07-05 23:12:43.670674', NULL, NULL);
INSERT INTO public.device_history VALUES (1541, 10, 1, '0dcbd335-850c-44db-8843-295b51de031e', 30, 6.990784, 36.99078, '2023-07-05 23:12:48.329744', NULL, NULL);
INSERT INTO public.device_history VALUES (1542, 10, 1, '0dcbd335-850c-44db-8843-295b51de031e', 30, 7.122437, 37.12244, '2023-07-05 23:12:57.618956', NULL, NULL);
INSERT INTO public.device_history VALUES (1543, 10, 1, '0dcbd335-850c-44db-8843-295b51de031e', 30, 7.122437, 37.12244, '2023-07-05 23:12:59.749241', NULL, NULL);
INSERT INTO public.device_history VALUES (1544, 10, 1, '0dcbd335-850c-44db-8843-295b51de031e', 29.9375, 7.150649, 37.08815, '2023-07-05 23:13:09.250225', NULL, NULL);
INSERT INTO public.device_history VALUES (1545, 10, 1, '0dcbd335-850c-44db-8843-295b51de031e', 29.875, 7.009592, 36.88459, '2023-07-05 23:13:15.411885', NULL, NULL);
INSERT INTO public.device_history VALUES (1546, 10, 1, '0dcbd335-850c-44db-8843-295b51de031e', 29.875, 7.000188, 36.87519, '2023-07-05 23:13:22.770172', NULL, NULL);
INSERT INTO public.device_history VALUES (1547, 10, 1, '0dcbd335-850c-44db-8843-295b51de031e', 29.875, 7.056611, 36.93161, '2023-07-05 23:13:30.210502', NULL, NULL);
INSERT INTO public.device_history VALUES (1548, 10, 1, '0dcbd335-850c-44db-8843-295b51de031e', 29.875, 7.018996, 36.894, '2023-07-05 23:13:41.868779', NULL, NULL);
INSERT INTO public.device_history VALUES (1549, 10, 1, '0dcbd335-850c-44db-8843-295b51de031e', 29.875, 7.018996, 36.894, '2023-07-05 23:13:45.088742', NULL, NULL);
INSERT INTO public.device_history VALUES (1550, 10, 1, '0dcbd335-850c-44db-8843-295b51de031e', 29.8125, 6.962573, 36.77507, '2023-07-05 23:13:50.308395', NULL, NULL);
INSERT INTO public.device_history VALUES (1551, 10, 1, '0dcbd335-850c-44db-8843-295b51de031e', 29.875, 7.094226, 36.96923, '2023-07-05 23:13:57.169889', NULL, NULL);
INSERT INTO public.device_history VALUES (1552, 10, 1, '0dcbd335-850c-44db-8843-295b51de031e', 29.875, 6.971977, 36.84698, '2023-07-05 23:14:04.32912', NULL, NULL);
INSERT INTO public.device_history VALUES (1553, 10, 1, '0dcbd335-850c-44db-8843-295b51de031e', 29.875, 7.075418, 36.95042, '2023-07-05 23:14:11.228436', NULL, NULL);
INSERT INTO public.device_history VALUES (1554, 10, 1, '0dcbd335-850c-44db-8843-295b51de031e', 29.875, 6.98138, 36.85638, '2023-07-05 23:14:18.405906', NULL, NULL);
INSERT INTO public.device_history VALUES (1555, 10, 1, '0dcbd335-850c-44db-8843-295b51de031e', 29.8125, 6.689863, 36.50236, '2023-07-05 23:14:26.309549', NULL, NULL);
INSERT INTO public.device_history VALUES (1556, 10, 1, '0dcbd335-850c-44db-8843-295b51de031e', 29.8125, 6.755689, 36.56819, '2023-07-05 23:14:30.989421', NULL, NULL);
INSERT INTO public.device_history VALUES (1557, 10, 1, '0dcbd335-850c-44db-8843-295b51de031e', 29.8125, 6.990784, 36.80328, '2023-07-05 23:14:38.529754', NULL, NULL);
INSERT INTO public.device_history VALUES (1558, 10, 1, '0dcbd335-850c-44db-8843-295b51de031e', 29.8125, 6.953169, 36.76567, '2023-07-05 23:14:52.168685', NULL, NULL);
INSERT INTO public.device_history VALUES (1559, 10, 1, '0dcbd335-850c-44db-8843-295b51de031e', 29.8125, 6.953169, 36.76567, '2023-07-05 23:14:54.769437', NULL, NULL);
INSERT INTO public.device_history VALUES (1560, 10, 1, '0dcbd335-850c-44db-8843-295b51de031e', 29.8125, 6.736882, 36.54938, '2023-07-05 23:14:59.229677', NULL, NULL);
INSERT INTO public.device_history VALUES (1561, 10, 1, '0dcbd335-850c-44db-8843-295b51de031e', 29.8125, 7.047207, 36.85971, '2023-07-05 23:15:10.490413', NULL, NULL);
INSERT INTO public.device_history VALUES (1562, 10, 1, '0dcbd335-850c-44db-8843-295b51de031e', 29.8125, 6.934361, 36.74686, '2023-07-05 23:15:15.409748', NULL, NULL);
INSERT INTO public.device_history VALUES (1563, 10, 1, '0dcbd335-850c-44db-8843-295b51de031e', 29.8125, 7.10363, 36.91613, '2023-07-05 23:15:22.729458', NULL, NULL);
INSERT INTO public.device_history VALUES (1564, 10, 1, '0dcbd335-850c-44db-8843-295b51de031e', 29.75, 7.000188, 36.75019, '2023-07-05 23:15:30.156748', NULL, NULL);
INSERT INTO public.device_history VALUES (1565, 10, 1, '0dcbd335-850c-44db-8843-295b51de031e', 29.8125, 6.924958, 36.73746, '2023-07-05 23:15:36.408935', NULL, NULL);
INSERT INTO public.device_history VALUES (1566, 10, 1, '0dcbd335-850c-44db-8843-295b51de031e', 29.75, 7.047207, 36.79721, '2023-07-05 23:15:42.029389', NULL, NULL);
INSERT INTO public.device_history VALUES (1567, 10, 1, '0dcbd335-850c-44db-8843-295b51de031e', 29.8125, 6.943765, 36.75626, '2023-07-05 23:15:49.210153', NULL, NULL);
INSERT INTO public.device_history VALUES (1568, 10, 1, '0dcbd335-850c-44db-8843-295b51de031e', 29.8125, 7.009592, 36.82209, '2023-07-05 23:15:56.329559', NULL, NULL);
INSERT INTO public.device_history VALUES (1569, 10, 1, '0dcbd335-850c-44db-8843-295b51de031e', 29.8125, 6.962573, 36.77507, '2023-07-05 23:16:03.878952', NULL, NULL);
INSERT INTO public.device_history VALUES (1570, 10, 1, '0dcbd335-850c-44db-8843-295b51de031e', 29.75, 6.849727, 36.59973, '2023-07-05 23:16:08.671242', NULL, NULL);
INSERT INTO public.device_history VALUES (1571, 10, 1, '0dcbd335-850c-44db-8843-295b51de031e', 29.8125, 7.225879, 37.03838, '2023-07-05 23:16:16.450066', NULL, NULL);
INSERT INTO public.device_history VALUES (1572, 10, 1, '0dcbd335-850c-44db-8843-295b51de031e', 29.8125, 6.990784, 36.80328, '2023-07-05 23:16:23.728418', NULL, NULL);
INSERT INTO public.device_history VALUES (1573, 10, 1, '0dcbd335-850c-44db-8843-295b51de031e', 29.75, 6.736882, 36.48688, '2023-07-05 23:16:30.999232', NULL, NULL);
INSERT INTO public.device_history VALUES (1574, 10, 1, '0dcbd335-850c-44db-8843-295b51de031e', 29.8125, 6.990784, 36.80328, '2023-07-05 23:16:38.259559', NULL, NULL);
INSERT INTO public.device_history VALUES (1575, 10, 1, '0dcbd335-850c-44db-8843-295b51de031e', 29.8125, 6.689863, 36.50236, '2023-07-05 23:16:45.559772', NULL, NULL);
INSERT INTO public.device_history VALUES (1576, 10, 1, '0dcbd335-850c-44db-8843-295b51de031e', 29.8125, 6.840323, 36.65282, '2023-07-05 23:16:53.209813', NULL, NULL);
INSERT INTO public.device_history VALUES (1577, 10, 1, '0dcbd335-850c-44db-8843-295b51de031e', 29.75, 6.868535, 36.61853, '2023-07-05 23:17:00.498863', NULL, NULL);
INSERT INTO public.device_history VALUES (1578, 10, 1, '0dcbd335-850c-44db-8843-295b51de031e', 29.75, 6.90615, 36.65615, '2023-07-05 23:17:09.149144', NULL, NULL);
INSERT INTO public.device_history VALUES (1579, 10, 1, '0dcbd335-850c-44db-8843-295b51de031e', 29.75, 6.990784, 36.74078, '2023-07-05 23:17:14.390016', NULL, NULL);
INSERT INTO public.device_history VALUES (1580, 10, 1, '0dcbd335-850c-44db-8843-295b51de031e', 29.75, 6.821516, 36.57152, '2023-07-05 23:17:21.7301', NULL, NULL);
INSERT INTO public.device_history VALUES (1581, 10, 1, '0dcbd335-850c-44db-8843-295b51de031e', 29.75, 6.605228, 36.35523, '2023-07-05 23:17:28.850134', NULL, NULL);
INSERT INTO public.device_history VALUES (1582, 10, 1, '0dcbd335-850c-44db-8843-295b51de031e', 29.75, 7.028399, 36.7784, '2023-07-05 23:17:39.379945', NULL, NULL);
INSERT INTO public.device_history VALUES (1583, 10, 1, '0dcbd335-850c-44db-8843-295b51de031e', 29.8125, 6.962573, 36.77507, '2023-07-05 23:17:45.330097', NULL, NULL);
INSERT INTO public.device_history VALUES (1584, 10, 1, '0dcbd335-850c-44db-8843-295b51de031e', 29.75, 7.113034, 36.86303, '2023-07-05 23:17:50.451965', NULL, NULL);
INSERT INTO public.device_history VALUES (1585, 10, 1, '0dcbd335-850c-44db-8843-295b51de031e', 29.75, 6.924958, 36.67496, '2023-07-05 23:17:58.629254', NULL, NULL);
INSERT INTO public.device_history VALUES (1586, 10, 1, '0dcbd335-850c-44db-8843-295b51de031e', 29.75, 6.567613, 36.31761, '2023-07-05 23:18:07.03028', NULL, NULL);
INSERT INTO public.device_history VALUES (1587, 10, 1, '0dcbd335-850c-44db-8843-295b51de031e', 29.75, 6.689863, 36.43986, '2023-07-05 23:18:11.645034', NULL, NULL);
INSERT INTO public.device_history VALUES (1588, 10, 1, '0dcbd335-850c-44db-8843-295b51de031e', 29.75, 7.009592, 36.75959, '2023-07-05 23:18:18.719565', NULL, NULL);
INSERT INTO public.device_history VALUES (1589, 10, 1, '0dcbd335-850c-44db-8843-295b51de031e', 29.75, 7.037803, 36.7878, '2023-07-05 23:18:26.699133', NULL, NULL);
INSERT INTO public.device_history VALUES (1590, 10, 1, '0dcbd335-850c-44db-8843-295b51de031e', 29.75, 7.131841, 36.88184, '2023-07-05 23:18:31.538482', NULL, NULL);
INSERT INTO public.device_history VALUES (1591, 10, 1, '0dcbd335-850c-44db-8843-295b51de031e', 29.75, 7.075418, 36.82542, '2023-07-05 23:18:36.769467', NULL, NULL);
INSERT INTO public.device_history VALUES (1592, 10, 1, '0dcbd335-850c-44db-8843-295b51de031e', 29.6875, 7.000188, 36.68769, '2023-07-05 23:18:44.408222', NULL, NULL);
INSERT INTO public.device_history VALUES (1593, 10, 1, '0dcbd335-850c-44db-8843-295b51de031e', 29.75, 7.169456, 36.91946, '2023-07-05 23:18:51.460156', NULL, NULL);
INSERT INTO public.device_history VALUES (1594, 10, 1, '0dcbd335-850c-44db-8843-295b51de031e', 29.8125, 6.718074, 36.53057, '2023-07-05 23:18:57.649472', NULL, NULL);
INSERT INTO public.device_history VALUES (1595, 10, 1, '0dcbd335-850c-44db-8843-295b51de031e', 29.75, 7.150649, 36.90065, '2023-07-05 23:19:02.309168', NULL, NULL);
INSERT INTO public.device_history VALUES (1596, 10, 1, '0dcbd335-850c-44db-8843-295b51de031e', 29.75, 7.037803, 36.7878, '2023-07-05 23:19:10.020805', NULL, NULL);
INSERT INTO public.device_history VALUES (1597, 10, 1, '0dcbd335-850c-44db-8843-295b51de031e', 29.75, 7.131841, 36.88184, '2023-07-05 23:19:17.489664', NULL, NULL);
INSERT INTO public.device_history VALUES (1598, 10, 1, '0dcbd335-850c-44db-8843-295b51de031e', 29.9375, 7.094226, 37.03173, '2023-07-05 23:19:24.79096', NULL, NULL);
INSERT INTO public.device_history VALUES (1599, 10, 1, '0dcbd335-850c-44db-8843-295b51de031e', 30.125, 6.990784, 37.11578, '2023-07-05 23:19:33.629201', NULL, NULL);
INSERT INTO public.device_history VALUES (1600, 10, 1, '0dcbd335-850c-44db-8843-295b51de031e', 29.9375, 7.169456, 37.10696, '2023-07-05 23:19:41.029646', NULL, NULL);
INSERT INTO public.device_history VALUES (1601, 10, 1, '0dcbd335-850c-44db-8843-295b51de031e', 29.9375, 6.868535, 36.80603, '2023-07-05 23:19:48.709732', NULL, NULL);
INSERT INTO public.device_history VALUES (1602, 10, 1, '0dcbd335-850c-44db-8843-295b51de031e', 30, 7.000188, 37.00019, '2023-07-05 23:19:55.849206', NULL, NULL);
INSERT INTO public.device_history VALUES (1603, 10, 1, '0dcbd335-850c-44db-8843-295b51de031e', 29.9375, 7.084822, 37.02232, '2023-07-05 23:20:01.049268', NULL, NULL);
INSERT INTO public.device_history VALUES (1604, 10, 1, '0dcbd335-850c-44db-8843-295b51de031e', 29.9375, 6.849727, 36.78723, '2023-07-05 23:20:08.474558', NULL, NULL);
INSERT INTO public.device_history VALUES (1605, 10, 1, '0dcbd335-850c-44db-8843-295b51de031e', 29.875, 7.188264, 37.06326, '2023-07-05 23:20:15.949652', NULL, NULL);
INSERT INTO public.device_history VALUES (1606, 10, 1, '0dcbd335-850c-44db-8843-295b51de031e', 29.875, 6.990784, 36.86578, '2023-07-05 23:20:23.430216', NULL, NULL);
INSERT INTO public.device_history VALUES (1607, 10, 1, '0dcbd335-850c-44db-8843-295b51de031e', 29.875, 6.943765, 36.81876, '2023-07-05 23:20:30.269985', NULL, NULL);
INSERT INTO public.device_history VALUES (1608, 10, 1, '0dcbd335-850c-44db-8843-295b51de031e', 29.8125, 6.783901, 36.5964, '2023-07-05 23:20:37.469638', NULL, NULL);
INSERT INTO public.device_history VALUES (1609, 10, 1, '0dcbd335-850c-44db-8843-295b51de031e', 29.8125, 6.689863, 36.50236, '2023-07-05 23:20:44.550145', NULL, NULL);
INSERT INTO public.device_history VALUES (1610, 10, 1, '0dcbd335-850c-44db-8843-295b51de031e', 29.8125, 7.094226, 36.90673, '2023-07-05 23:20:51.928463', NULL, NULL);
INSERT INTO public.device_history VALUES (1611, 10, 1, '0dcbd335-850c-44db-8843-295b51de031e', 29.875, 7.094226, 36.96923, '2023-07-05 23:20:58.949232', NULL, NULL);
INSERT INTO public.device_history VALUES (1612, 10, 1, '0dcbd335-850c-44db-8843-295b51de031e', 29.8125, 7.094226, 36.90673, '2023-07-05 23:21:06.749981', NULL, NULL);
INSERT INTO public.device_history VALUES (1613, 10, 1, '0dcbd335-850c-44db-8843-295b51de031e', 29.75, 6.896746, 36.64675, '2023-07-05 23:21:11.569365', NULL, NULL);
INSERT INTO public.device_history VALUES (1614, 10, 1, '0dcbd335-850c-44db-8843-295b51de031e', 29.75, 6.990784, 36.74078, '2023-07-05 23:21:16.669015', NULL, NULL);
INSERT INTO public.device_history VALUES (1615, 10, 1, '0dcbd335-850c-44db-8843-295b51de031e', 29.6875, 7.000188, 36.68769, '2023-07-05 23:21:23.629392', NULL, NULL);
INSERT INTO public.device_history VALUES (1616, 10, 1, '0dcbd335-850c-44db-8843-295b51de031e', 29.75, 6.783901, 36.5339, '2023-07-05 23:21:30.399397', NULL, NULL);
INSERT INTO public.device_history VALUES (1617, 10, 1, '0dcbd335-850c-44db-8843-295b51de031e', 29.75, 6.90615, 36.65615, '2023-07-05 23:21:37.359421', NULL, NULL);
INSERT INTO public.device_history VALUES (1618, 10, 1, '0dcbd335-850c-44db-8843-295b51de031e', 29.6875, 7.037803, 36.7253, '2023-07-05 23:21:44.679748', NULL, NULL);
INSERT INTO public.device_history VALUES (1619, 10, 1, '0dcbd335-850c-44db-8843-295b51de031e', 29.6875, 6.793304, 36.4808, '2023-07-05 23:21:51.589367', NULL, NULL);
INSERT INTO public.device_history VALUES (1620, 10, 1, '0dcbd335-850c-44db-8843-295b51de031e', 29.75, 7.10363, 36.85363, '2023-07-05 23:21:58.668992', NULL, NULL);
INSERT INTO public.device_history VALUES (1621, 10, 1, '0dcbd335-850c-44db-8843-295b51de031e', 29.6875, 6.962573, 36.65007, '2023-07-05 23:22:05.329457', NULL, NULL);
INSERT INTO public.device_history VALUES (1622, 10, 1, '0dcbd335-850c-44db-8843-295b51de031e', 29.6875, 7.028399, 36.7159, '2023-07-05 23:22:11.850195', NULL, NULL);
INSERT INTO public.device_history VALUES (1623, 10, 1, '0dcbd335-850c-44db-8843-295b51de031e', 29.6875, 7.094226, 36.78173, '2023-07-05 23:22:17.510077', NULL, NULL);
INSERT INTO public.device_history VALUES (1624, 10, 1, '0dcbd335-850c-44db-8843-295b51de031e', 29.6875, 6.943765, 36.63126, '2023-07-05 23:22:24.789415', NULL, NULL);
INSERT INTO public.device_history VALUES (1625, 10, 1, '0dcbd335-850c-44db-8843-295b51de031e', 29.6875, 6.755689, 36.44319, '2023-07-05 23:22:32.15169', NULL, NULL);
INSERT INTO public.device_history VALUES (1626, 10, 1, '0dcbd335-850c-44db-8843-295b51de031e', 29.6875, 6.990784, 36.67828, '2023-07-05 23:22:37.689464', NULL, NULL);
INSERT INTO public.device_history VALUES (1627, 10, 1, '0dcbd335-850c-44db-8843-295b51de031e', 29.6875, 6.774497, 36.462, '2023-07-05 23:22:42.921432', NULL, NULL);
INSERT INTO public.device_history VALUES (1628, 10, 1, '0dcbd335-850c-44db-8843-295b51de031e', 29.625, 7.122437, 36.74744, '2023-07-05 23:22:52.228428', NULL, NULL);
INSERT INTO public.device_history VALUES (1629, 10, 1, '0dcbd335-850c-44db-8843-295b51de031e', 29.625, 7.197668, 36.82267, '2023-07-05 23:22:58.410473', NULL, NULL);
INSERT INTO public.device_history VALUES (1630, 10, 1, '0dcbd335-850c-44db-8843-295b51de031e', 29.5625, 7.037803, 36.6003, '2023-07-05 23:23:03.158217', NULL, NULL);
INSERT INTO public.device_history VALUES (1631, 10, 1, '0dcbd335-850c-44db-8843-295b51de031e', 29.5625, 7.113034, 36.67553, '2023-07-05 23:23:10.130356', NULL, NULL);
INSERT INTO public.device_history VALUES (1632, 10, 1, '0dcbd335-850c-44db-8843-295b51de031e', 29.5625, 7.000188, 36.56269, '2023-07-05 23:23:17.622778', NULL, NULL);
INSERT INTO public.device_history VALUES (1633, 10, 1, '0dcbd335-850c-44db-8843-295b51de031e', 29.5625, 6.689863, 36.25236, '2023-07-05 23:23:24.509907', NULL, NULL);
INSERT INTO public.device_history VALUES (1634, 10, 1, '0dcbd335-850c-44db-8843-295b51de031e', 29.625, 6.953169, 36.57817, '2023-07-05 23:23:33.189548', NULL, NULL);
INSERT INTO public.device_history VALUES (1635, 10, 1, '0dcbd335-850c-44db-8843-295b51de031e', 29.5625, 7.037803, 36.6003, '2023-07-05 23:23:37.810047', NULL, NULL);
INSERT INTO public.device_history VALUES (1636, 10, 1, '0dcbd335-850c-44db-8843-295b51de031e', 29.5625, 7.000188, 36.56269, '2023-07-05 23:23:45.009648', NULL, NULL);
INSERT INTO public.device_history VALUES (1637, 10, 1, '0dcbd335-850c-44db-8843-295b51de031e', 29.625, 6.63344, 36.25844, '2023-07-05 23:23:52.653851', NULL, NULL);
INSERT INTO public.device_history VALUES (1638, 10, 1, '0dcbd335-850c-44db-8843-295b51de031e', 29.5625, 6.98138, 36.54388, '2023-07-05 23:24:00.629332', NULL, NULL);
INSERT INTO public.device_history VALUES (1639, 10, 1, '0dcbd335-850c-44db-8843-295b51de031e', 29.5625, 6.962573, 36.52507, '2023-07-05 23:24:05.229832', NULL, NULL);
INSERT INTO public.device_history VALUES (1640, 10, 1, '0dcbd335-850c-44db-8843-295b51de031e', 29.5625, 6.887342, 36.44984, '2023-07-05 23:24:10.549697', NULL, NULL);
INSERT INTO public.device_history VALUES (1641, 10, 1, '0dcbd335-850c-44db-8843-295b51de031e', 29.5625, 6.98138, 36.54388, '2023-07-05 23:24:16.129906', NULL, NULL);
INSERT INTO public.device_history VALUES (1642, 10, 1, '0dcbd335-850c-44db-8843-295b51de031e', 29.5625, 6.671055, 36.23355, '2023-07-05 23:24:23.570084', NULL, NULL);
INSERT INTO public.device_history VALUES (1643, 10, 1, '0dcbd335-850c-44db-8843-295b51de031e', 29.5625, 6.943765, 36.50626, '2023-07-05 23:24:32.610177', NULL, NULL);
INSERT INTO public.device_history VALUES (1644, 10, 1, '0dcbd335-850c-44db-8843-295b51de031e', 27.5625, 6.70867, 34.27117, '2023-07-05 23:24:37.389382', NULL, NULL);
INSERT INTO public.device_history VALUES (1645, 10, 1, '0dcbd335-850c-44db-8843-295b51de031e', 26.5625, 6.962573, 33.52507, '2023-07-05 23:24:45.068367', NULL, NULL);
INSERT INTO public.device_history VALUES (1646, 10, 1, '0dcbd335-850c-44db-8843-295b51de031e', 26.125, 6.990784, 33.11578, '2023-07-05 23:24:49.809458', NULL, NULL);
INSERT INTO public.device_history VALUES (1647, 10, 1, '0dcbd335-850c-44db-8843-295b51de031e', 25.75, 6.793304, 32.5433, '2023-07-05 23:24:56.889257', NULL, NULL);
INSERT INTO public.device_history VALUES (1648, 10, 1, '0dcbd335-850c-44db-8843-295b51de031e', 25.5625, 6.783901, 32.3464, '2023-07-05 23:25:02.94959', NULL, NULL);
INSERT INTO public.device_history VALUES (1649, 10, 1, '0dcbd335-850c-44db-8843-295b51de031e', 25.5625, 6.924958, 32.48746, '2023-07-05 23:25:11.370062', NULL, NULL);
INSERT INTO public.device_history VALUES (1650, 10, 1, '0dcbd335-850c-44db-8843-295b51de031e', 25.5, 6.990784, 32.49078, '2023-07-05 23:25:18.190364', NULL, NULL);
INSERT INTO public.device_history VALUES (1651, 10, 1, '0dcbd335-850c-44db-8843-295b51de031e', 25.5, 7.056611, 32.55661, '2023-07-05 23:25:24.799827', NULL, NULL);
INSERT INTO public.device_history VALUES (1652, 10, 1, '0dcbd335-850c-44db-8843-295b51de031e', 25.5, 6.990784, 32.49078, '2023-07-05 23:25:32.310721', NULL, NULL);
INSERT INTO public.device_history VALUES (1653, 10, 1, '0dcbd335-850c-44db-8843-295b51de031e', 25.4375, 7.000188, 32.43769, '2023-07-05 23:25:39.493359', NULL, NULL);
INSERT INTO public.device_history VALUES (1654, 10, 1, '0dcbd335-850c-44db-8843-295b51de031e', 25.4375, 7.018996, 32.4565, '2023-07-05 23:25:46.141282', NULL, NULL);
INSERT INTO public.device_history VALUES (1655, 10, 1, '0dcbd335-850c-44db-8843-295b51de031e', 25.4375, 6.793304, 32.2308, '2023-07-05 23:25:54.067284', NULL, NULL);
INSERT INTO public.device_history VALUES (1656, 10, 1, '0dcbd335-850c-44db-8843-295b51de031e', 25.375, 7.075418, 32.45042, '2023-07-05 23:25:58.780345', NULL, NULL);
INSERT INTO public.device_history VALUES (1657, 10, 1, '0dcbd335-850c-44db-8843-295b51de031e', 25.4375, 6.990784, 32.42828, '2023-07-05 23:26:05.681342', NULL, NULL);
INSERT INTO public.device_history VALUES (1658, 10, 1, '0dcbd335-850c-44db-8843-295b51de031e', 25.4375, 6.943765, 32.38126, '2023-07-05 23:26:12.459484', NULL, NULL);
INSERT INTO public.device_history VALUES (1659, 10, 1, '0dcbd335-850c-44db-8843-295b51de031e', 25.4375, 7.018996, 32.4565, '2023-07-05 23:26:19.288561', NULL, NULL);
INSERT INTO public.device_history VALUES (1660, 10, 1, '0dcbd335-850c-44db-8843-295b51de031e', 25.4375, 6.98138, 32.41888, '2023-07-05 23:26:25.91906', NULL, NULL);
INSERT INTO public.device_history VALUES (1661, 10, 1, '0dcbd335-850c-44db-8843-295b51de031e', 25.375, 6.492383, 31.86738, '2023-07-05 23:26:32.825115', NULL, NULL);
INSERT INTO public.device_history VALUES (1662, 10, 1, '0dcbd335-850c-44db-8843-295b51de031e', 25.375, 6.990784, 32.36578, '2023-07-05 23:26:39.851371', NULL, NULL);
INSERT INTO public.device_history VALUES (1663, 10, 1, '0dcbd335-850c-44db-8843-295b51de031e', 25.375, 6.605228, 31.98023, '2023-07-05 23:26:47.041359', NULL, NULL);
INSERT INTO public.device_history VALUES (1664, 10, 1, '0dcbd335-850c-44db-8843-295b51de031e', 25.375, 6.529998, 31.905, '2023-07-05 23:26:54.046845', NULL, NULL);
INSERT INTO public.device_history VALUES (1665, 10, 1, '0dcbd335-850c-44db-8843-295b51de031e', 25.375, 6.257288, 31.63229, '2023-07-05 23:27:00.932907', NULL, NULL);
INSERT INTO public.device_history VALUES (1666, 10, 1, '0dcbd335-850c-44db-8843-295b51de031e', 25.3125, 6.153846, 31.46635, '2023-07-05 23:27:07.800234', NULL, NULL);
INSERT INTO public.device_history VALUES (1667, 10, 1, '0dcbd335-850c-44db-8843-295b51de031e', 25.375, 6.182057, 31.55706, '2023-07-05 23:27:14.979538', NULL, NULL);
INSERT INTO public.device_history VALUES (1668, 10, 1, '0dcbd335-850c-44db-8843-295b51de031e', 25.375, 6.294903, 31.6699, '2023-07-05 23:27:21.768513', NULL, NULL);
INSERT INTO public.device_history VALUES (1669, 10, 1, '0dcbd335-850c-44db-8843-295b51de031e', 25.375, 6.699266, 32.07426, '2023-07-05 23:27:28.899157', NULL, NULL);
INSERT INTO public.device_history VALUES (1670, 10, 1, '0dcbd335-850c-44db-8843-295b51de031e', 25.375, 5.881136, 31.25614, '2023-07-05 23:27:35.962604', NULL, NULL);
INSERT INTO public.device_history VALUES (1671, 10, 1, '0dcbd335-850c-44db-8843-295b51de031e', 25.375, 6.529998, 31.905, '2023-07-05 23:27:41.340718', NULL, NULL);
INSERT INTO public.device_history VALUES (1672, 10, 1, '0dcbd335-850c-44db-8843-295b51de031e', 25.375, 6.793304, 32.1683, '2023-07-05 23:27:48.503306', NULL, NULL);
INSERT INTO public.device_history VALUES (1673, 10, 1, '0dcbd335-850c-44db-8843-295b51de031e', 25.4375, 6.294903, 31.7324, '2023-07-05 23:27:55.420969', NULL, NULL);
INSERT INTO public.device_history VALUES (1674, 10, 1, '0dcbd335-850c-44db-8843-295b51de031e', 25.4375, 6.699266, 32.13676, '2023-07-05 23:28:02.247994', NULL, NULL);
INSERT INTO public.device_history VALUES (1675, 10, 1, '0dcbd335-850c-44db-8843-295b51de031e', 25.4375, 6.172654, 31.61015, '2023-07-05 23:28:10.14101', NULL, NULL);
INSERT INTO public.device_history VALUES (1676, 10, 1, '0dcbd335-850c-44db-8843-295b51de031e', 25.375, 5.993981, 31.36898, '2023-07-05 23:28:14.967941', NULL, NULL);
INSERT INTO public.device_history VALUES (1677, 10, 1, '0dcbd335-850c-44db-8843-295b51de031e', 25.4375, 6.088019, 31.52552, '2023-07-05 23:28:22.679015', NULL, NULL);
INSERT INTO public.device_history VALUES (1678, 10, 1, '0dcbd335-850c-44db-8843-295b51de031e', 25.4375, 6.567613, 32.00511, '2023-07-05 23:28:29.972846', NULL, NULL);
INSERT INTO public.device_history VALUES (1679, 10, 1, '0dcbd335-850c-44db-8843-295b51de031e', 25.4375, 5.852924, 31.29042, '2023-07-05 23:28:37.655235', NULL, NULL);
INSERT INTO public.device_history VALUES (1680, 10, 1, '0dcbd335-850c-44db-8843-295b51de031e', 25.4375, 6.266692, 31.70419, '2023-07-05 23:28:46.361265', NULL, NULL);
INSERT INTO public.device_history VALUES (1681, 10, 1, '0dcbd335-850c-44db-8843-295b51de031e', 25.4375, 6.182057, 31.61956, '2023-07-05 23:28:53.29582', NULL, NULL);
INSERT INTO public.device_history VALUES (1682, 10, 1, '0dcbd335-850c-44db-8843-295b51de031e', 25.4375, 6.323114, 31.76061, '2023-07-05 23:29:00.235096', NULL, NULL);
INSERT INTO public.device_history VALUES (1683, 10, 1, '0dcbd335-850c-44db-8843-295b51de031e', 25.5, 6.398345, 31.89835, '2023-07-05 23:29:07.101168', NULL, NULL);
INSERT INTO public.device_history VALUES (1684, 10, 1, '0dcbd335-850c-44db-8843-295b51de031e', 25.4375, 6.482979, 31.92048, '2023-07-05 23:29:13.934693', NULL, NULL);
INSERT INTO public.device_history VALUES (1685, 10, 1, '0dcbd335-850c-44db-8843-295b51de031e', 25.4375, 6.059808, 31.49731, '2023-07-05 23:29:19.728152', NULL, NULL);
INSERT INTO public.device_history VALUES (1686, 10, 1, '0dcbd335-850c-44db-8843-295b51de031e', 25.4375, 6.680459, 32.11796, '2023-07-05 23:29:26.355126', NULL, NULL);
INSERT INTO public.device_history VALUES (1687, 10, 1, '0dcbd335-850c-44db-8843-295b51de031e', 25.4375, 6.351326, 31.78883, '2023-07-05 23:29:31.198754', NULL, NULL);
INSERT INTO public.device_history VALUES (1688, 10, 1, '0dcbd335-850c-44db-8843-295b51de031e', 25.375, 6.51119, 31.88619, '2023-07-05 23:29:36.415895', NULL, NULL);
INSERT INTO public.device_history VALUES (1689, 10, 1, '0dcbd335-850c-44db-8843-295b51de031e', 25.4375, 6.680459, 32.11796, '2023-07-05 23:29:41.190718', NULL, NULL);
INSERT INTO public.device_history VALUES (1690, 10, 1, '0dcbd335-850c-44db-8843-295b51de031e', 25.4375, 6.43596, 31.87346, '2023-07-05 23:29:47.94483', NULL, NULL);
INSERT INTO public.device_history VALUES (1691, 10, 1, '0dcbd335-850c-44db-8843-295b51de031e', 25.4375, 6.548806, 31.98631, '2023-07-05 23:29:55.420046', NULL, NULL);
INSERT INTO public.device_history VALUES (1692, 10, 1, '0dcbd335-850c-44db-8843-295b51de031e', 25.4375, 6.088019, 31.52552, '2023-07-05 23:30:02.419812', NULL, NULL);
INSERT INTO public.device_history VALUES (1693, 10, 1, '0dcbd335-850c-44db-8843-295b51de031e', 25.4375, 6.548806, 31.98631, '2023-07-05 23:30:09.45925', NULL, NULL);
INSERT INTO public.device_history VALUES (1694, 10, 1, '0dcbd335-850c-44db-8843-295b51de031e', 25.4375, 6.482979, 31.92048, '2023-07-05 23:30:16.318433', NULL, NULL);
INSERT INTO public.device_history VALUES (1695, 10, 1, '0dcbd335-850c-44db-8843-295b51de031e', 25.4375, 6.492383, 31.92988, '2023-07-05 23:30:23.300964', NULL, NULL);
INSERT INTO public.device_history VALUES (1696, 10, 1, '0dcbd335-850c-44db-8843-295b51de031e', 25.4375, 6.793304, 32.2308, '2023-07-05 23:30:30.125827', NULL, NULL);
INSERT INTO public.device_history VALUES (1697, 10, 1, '0dcbd335-850c-44db-8843-295b51de031e', 25.4375, 6.51119, 31.94869, '2023-07-05 23:30:36.900987', NULL, NULL);
INSERT INTO public.device_history VALUES (1698, 10, 1, '0dcbd335-850c-44db-8843-295b51de031e', 25.4375, 6.445364, 31.88286, '2023-07-05 23:30:43.89764', NULL, NULL);
INSERT INTO public.device_history VALUES (1699, 10, 1, '0dcbd335-850c-44db-8843-295b51de031e', 25.4375, 6.266692, 31.70419, '2023-07-05 23:30:51.010772', NULL, NULL);
INSERT INTO public.device_history VALUES (1700, 10, 1, '0dcbd335-850c-44db-8843-295b51de031e', 25.4375, 6.51119, 31.94869, '2023-07-05 23:30:57.476132', NULL, NULL);
INSERT INTO public.device_history VALUES (1701, 10, 1, '0dcbd335-850c-44db-8843-295b51de031e', 25.4375, 6.558209, 31.99571, '2023-07-05 23:31:04.258732', NULL, NULL);
INSERT INTO public.device_history VALUES (1702, 10, 1, '0dcbd335-850c-44db-8843-295b51de031e', 25.5, 6.417152, 31.91715, '2023-07-05 23:31:11.384828', NULL, NULL);
INSERT INTO public.device_history VALUES (1703, 10, 1, '0dcbd335-850c-44db-8843-295b51de031e', 25.4375, 6.501787, 31.93929, '2023-07-05 23:31:18.279702', NULL, NULL);
INSERT INTO public.device_history VALUES (1704, 10, 1, '0dcbd335-850c-44db-8843-295b51de031e', 25.5, 6.774497, 32.2745, '2023-07-05 23:31:26.154035', NULL, NULL);
INSERT INTO public.device_history VALUES (1705, 10, 1, '0dcbd335-850c-44db-8843-295b51de031e', 25.4375, 6.210269, 31.64777, '2023-07-05 23:31:33.217219', NULL, NULL);
INSERT INTO public.device_history VALUES (1706, 10, 1, '0dcbd335-850c-44db-8843-295b51de031e', 25.5, 6.501787, 32.00179, '2023-07-05 23:31:40.106304', NULL, NULL);
INSERT INTO public.device_history VALUES (1707, 10, 1, '0dcbd335-850c-44db-8843-295b51de031e', 25.4375, 6.069212, 31.50671, '2023-07-05 23:31:46.997349', NULL, NULL);
INSERT INTO public.device_history VALUES (1708, 10, 1, '0dcbd335-850c-44db-8843-295b51de031e', 25.4375, 6.445364, 31.88286, '2023-07-05 23:31:53.719519', NULL, NULL);
INSERT INTO public.device_history VALUES (1709, 10, 1, '0dcbd335-850c-44db-8843-295b51de031e', 25.5, 6.605228, 32.10523, '2023-07-05 23:32:00.454144', NULL, NULL);
INSERT INTO public.device_history VALUES (1710, 10, 1, '0dcbd335-850c-44db-8843-295b51de031e', 25.4375, 6.388941, 31.82644, '2023-07-05 23:32:07.434571', NULL, NULL);
INSERT INTO public.device_history VALUES (1711, 10, 1, '0dcbd335-850c-44db-8843-295b51de031e', 25.5, 6.323114, 31.82311, '2023-07-05 23:32:14.086149', NULL, NULL);
INSERT INTO public.device_history VALUES (1712, 10, 1, '0dcbd335-850c-44db-8843-295b51de031e', 25.4375, 6.924958, 32.36246, '2023-07-05 23:32:21.095679', NULL, NULL);
INSERT INTO public.device_history VALUES (1713, 10, 1, '0dcbd335-850c-44db-8843-295b51de031e', 25.5, 6.106827, 31.60683, '2023-07-05 23:32:29.471953', NULL, NULL);
INSERT INTO public.device_history VALUES (1714, 10, 1, '0dcbd335-850c-44db-8843-295b51de031e', 25.5, 6.51119, 32.01119, '2023-07-05 23:32:35.600489', NULL, NULL);
INSERT INTO public.device_history VALUES (1715, 10, 1, '0dcbd335-850c-44db-8843-295b51de031e', 25.4375, 6.529998, 31.9675, '2023-07-05 23:32:46.712268', NULL, NULL);
INSERT INTO public.device_history VALUES (1716, 10, 1, '0dcbd335-850c-44db-8843-295b51de031e', 25.4375, 6.529998, 31.9675, '2023-07-05 23:32:48.670708', NULL, NULL);
INSERT INTO public.device_history VALUES (1717, 10, 1, '0dcbd335-850c-44db-8843-295b51de031e', 25.5, 6.144443, 31.64444, '2023-07-05 23:32:55.479653', NULL, NULL);
INSERT INTO public.device_history VALUES (1718, 10, 1, '0dcbd335-850c-44db-8843-295b51de031e', 25.4375, 6.962573, 32.40007, '2023-07-05 23:33:02.542539', NULL, NULL);
INSERT INTO public.device_history VALUES (1719, 10, 1, '0dcbd335-850c-44db-8843-295b51de031e', 25.5, 6.595825, 32.09583, '2023-07-05 23:33:09.743731', NULL, NULL);
INSERT INTO public.device_history VALUES (1720, 10, 1, '0dcbd335-850c-44db-8843-295b51de031e', 25.4375, 6.605228, 32.04273, '2023-07-05 23:33:16.653917', NULL, NULL);
INSERT INTO public.device_history VALUES (1721, 10, 1, '0dcbd335-850c-44db-8843-295b51de031e', 25.5, 6.63344, 32.13344, '2023-07-05 23:33:23.492156', NULL, NULL);
INSERT INTO public.device_history VALUES (1722, 10, 1, '0dcbd335-850c-44db-8843-295b51de031e', 25.5, 6.266692, 31.76669, '2023-07-05 23:33:30.205463', NULL, NULL);
INSERT INTO public.device_history VALUES (1723, 10, 1, '0dcbd335-850c-44db-8843-295b51de031e', 25.5, 6.567613, 32.06761, '2023-07-05 23:33:37.129263', NULL, NULL);
INSERT INTO public.device_history VALUES (1724, 10, 1, '0dcbd335-850c-44db-8843-295b51de031e', 25.5, 6.097424, 31.59742, '2023-07-05 23:33:43.939132', NULL, NULL);
INSERT INTO public.device_history VALUES (1725, 10, 1, '0dcbd335-850c-44db-8843-295b51de031e', 25.5, 6.567613, 32.06761, '2023-07-05 23:33:50.884336', NULL, NULL);
INSERT INTO public.device_history VALUES (1726, 10, 1, '0dcbd335-850c-44db-8843-295b51de031e', 25.5, 6.370133, 31.87013, '2023-07-05 23:33:57.160757', NULL, NULL);
INSERT INTO public.device_history VALUES (1727, 10, 1, '0dcbd335-850c-44db-8843-295b51de031e', 25.5, 6.088019, 31.58802, '2023-07-05 23:34:04.001631', NULL, NULL);
INSERT INTO public.device_history VALUES (1728, 10, 1, '0dcbd335-850c-44db-8843-295b51de031e', 25.5, 6.088019, 31.58802, '2023-07-05 23:34:10.919832', NULL, NULL);
INSERT INTO public.device_history VALUES (1729, 10, 1, '0dcbd335-850c-44db-8843-295b51de031e', 25.5, 6.520594, 32.0206, '2023-07-05 23:34:17.978421', NULL, NULL);
INSERT INTO public.device_history VALUES (1730, 10, 1, '0dcbd335-850c-44db-8843-295b51de031e', 25.5, 6.859131, 32.35913, '2023-07-05 23:34:24.891793', NULL, NULL);
INSERT INTO public.device_history VALUES (1731, 10, 1, '0dcbd335-850c-44db-8843-295b51de031e', 25.5, 6.689863, 32.18986, '2023-07-05 23:34:30.806201', NULL, NULL);
INSERT INTO public.device_history VALUES (1732, 10, 1, '0dcbd335-850c-44db-8843-295b51de031e', 25.5625, 6.482979, 32.04548, '2023-07-05 23:34:37.523703', NULL, NULL);
INSERT INTO public.device_history VALUES (1733, 10, 1, '0dcbd335-850c-44db-8843-295b51de031e', 25.5625, 6.492383, 32.05488, '2023-07-05 23:34:44.391429', NULL, NULL);
INSERT INTO public.device_history VALUES (1734, 10, 1, '0dcbd335-850c-44db-8843-295b51de031e', 25.5625, 6.718074, 32.28057, '2023-07-05 23:34:51.325123', NULL, NULL);
INSERT INTO public.device_history VALUES (1735, 10, 1, '0dcbd335-850c-44db-8843-295b51de031e', 25.5625, 6.755689, 32.31819, '2023-07-05 23:34:58.136252', NULL, NULL);
INSERT INTO public.device_history VALUES (1736, 10, 1, '0dcbd335-850c-44db-8843-295b51de031e', 25.5, 6.407749, 31.90775, '2023-07-05 23:35:04.935423', NULL, NULL);
INSERT INTO public.device_history VALUES (1737, 10, 1, '0dcbd335-850c-44db-8843-295b51de031e', 25.5625, 6.849727, 32.41223, '2023-07-05 23:35:11.728943', NULL, NULL);
INSERT INTO public.device_history VALUES (1738, 10, 1, '0dcbd335-850c-44db-8843-295b51de031e', 25.5625, 6.689863, 32.25236, '2023-07-05 23:35:18.804902', NULL, NULL);
INSERT INTO public.device_history VALUES (1739, 10, 1, '0dcbd335-850c-44db-8843-295b51de031e', 25.5625, 6.624036, 32.18653, '2023-07-05 23:35:25.57937', NULL, NULL);
INSERT INTO public.device_history VALUES (1740, 10, 1, '0dcbd335-850c-44db-8843-295b51de031e', 25.5625, 6.51119, 32.07369, '2023-07-05 23:35:32.145963', NULL, NULL);
INSERT INTO public.device_history VALUES (1741, 10, 1, '0dcbd335-850c-44db-8843-295b51de031e', 25.5625, 6.605228, 32.16773, '2023-07-05 23:35:39.152683', NULL, NULL);
INSERT INTO public.device_history VALUES (1742, 10, 1, '0dcbd335-850c-44db-8843-295b51de031e', 25.5625, 6.70867, 32.27117, '2023-07-05 23:35:46.058914', NULL, NULL);
INSERT INTO public.device_history VALUES (1743, 10, 1, '0dcbd335-850c-44db-8843-295b51de031e', 25.5625, 6.229076, 31.79158, '2023-07-05 23:35:52.807288', NULL, NULL);
INSERT INTO public.device_history VALUES (1744, 10, 1, '0dcbd335-850c-44db-8843-295b51de031e', 25.5625, 6.492383, 32.05488, '2023-07-05 23:35:59.623212', NULL, NULL);
INSERT INTO public.device_history VALUES (1745, 10, 1, '0dcbd335-850c-44db-8843-295b51de031e', 25.5625, 6.482979, 32.04548, '2023-07-05 23:36:06.686764', NULL, NULL);
INSERT INTO public.device_history VALUES (1746, 10, 1, '0dcbd335-850c-44db-8843-295b51de031e', 25.5, 6.473575, 31.97358, '2023-07-05 23:36:14.502833', NULL, NULL);
INSERT INTO public.device_history VALUES (1747, 10, 1, '0dcbd335-850c-44db-8843-295b51de031e', 25.5, 6.351326, 31.85133, '2023-07-05 23:36:21.200839', NULL, NULL);
INSERT INTO public.device_history VALUES (1748, 10, 1, '0dcbd335-850c-44db-8843-295b51de031e', 25.5625, 6.539402, 32.1019, '2023-07-05 23:36:27.926983', NULL, NULL);
INSERT INTO public.device_history VALUES (1749, 10, 1, '0dcbd335-850c-44db-8843-295b51de031e', 25.5625, 6.652247, 32.21475, '2023-07-05 23:36:34.603188', NULL, NULL);
INSERT INTO public.device_history VALUES (1750, 10, 1, '0dcbd335-850c-44db-8843-295b51de031e', 25.5, 5.918751, 31.41875, '2023-07-05 23:36:41.759617', NULL, NULL);
INSERT INTO public.device_history VALUES (1751, 10, 1, '0dcbd335-850c-44db-8843-295b51de031e', 25.5, 6.200865, 31.70086, '2023-07-05 23:36:48.570794', NULL, NULL);
INSERT INTO public.device_history VALUES (1752, 10, 1, '0dcbd335-850c-44db-8843-295b51de031e', 25.5625, 6.548806, 32.11131, '2023-07-05 23:36:55.459319', NULL, NULL);
INSERT INTO public.device_history VALUES (1753, 10, 1, '0dcbd335-850c-44db-8843-295b51de031e', 25.5625, 6.492383, 32.05488, '2023-07-05 23:37:02.362036', NULL, NULL);
INSERT INTO public.device_history VALUES (1754, 10, 1, '0dcbd335-850c-44db-8843-295b51de031e', 25.5625, 6.624036, 32.18653, '2023-07-05 23:37:10.020019', NULL, NULL);
INSERT INTO public.device_history VALUES (1755, 10, 1, '0dcbd335-850c-44db-8843-295b51de031e', 25.5, 6.238481, 31.73848, '2023-07-05 23:37:17.544843', NULL, NULL);
INSERT INTO public.device_history VALUES (1756, 10, 1, '0dcbd335-850c-44db-8843-295b51de031e', 25.5625, 6.172654, 31.73515, '2023-07-05 23:37:22.457137', NULL, NULL);
INSERT INTO public.device_history VALUES (1757, 10, 1, '0dcbd335-850c-44db-8843-295b51de031e', 25.5, 6.238481, 31.73848, '2023-07-05 23:37:29.397419', NULL, NULL);
INSERT INTO public.device_history VALUES (1758, 10, 1, '0dcbd335-850c-44db-8843-295b51de031e', 25.5625, 6.370133, 31.93263, '2023-07-05 23:37:36.522993', NULL, NULL);
INSERT INTO public.device_history VALUES (1759, 10, 1, '0dcbd335-850c-44db-8843-295b51de031e', 25.5625, 6.718074, 32.28057, '2023-07-05 23:37:43.299489', NULL, NULL);
INSERT INTO public.device_history VALUES (1760, 10, 1, '0dcbd335-850c-44db-8843-295b51de031e', 25.5625, 6.088019, 31.65052, '2023-07-05 23:37:50.120654', NULL, NULL);
INSERT INTO public.device_history VALUES (1761, 10, 1, '0dcbd335-850c-44db-8843-295b51de031e', 25.5625, 6.642844, 32.20535, '2023-07-05 23:37:56.856625', NULL, NULL);
INSERT INTO public.device_history VALUES (1762, 10, 1, '0dcbd335-850c-44db-8843-295b51de031e', 25.5625, 6.379537, 31.94204, '2023-07-05 23:38:03.673277', NULL, NULL);
INSERT INTO public.device_history VALUES (1763, 10, 1, '0dcbd335-850c-44db-8843-295b51de031e', 25.5625, 6.182057, 31.74456, '2023-07-05 23:38:10.418805', NULL, NULL);
INSERT INTO public.device_history VALUES (1764, 10, 1, '0dcbd335-850c-44db-8843-295b51de031e', 25.5625, 6.370133, 31.93263, '2023-07-05 23:38:16.993749', NULL, NULL);
INSERT INTO public.device_history VALUES (1765, 10, 1, '0dcbd335-850c-44db-8843-295b51de031e', 25.5625, 6.689863, 32.25236, '2023-07-05 23:38:23.759961', NULL, NULL);
INSERT INTO public.device_history VALUES (1766, 10, 1, '0dcbd335-850c-44db-8843-295b51de031e', 25.5625, 6.642844, 32.20535, '2023-07-05 23:38:30.559093', NULL, NULL);
INSERT INTO public.device_history VALUES (1767, 10, 1, '0dcbd335-850c-44db-8843-295b51de031e', 25.5625, 6.247884, 31.81038, '2023-07-05 23:38:38.818798', NULL, NULL);
INSERT INTO public.device_history VALUES (1768, 10, 1, '0dcbd335-850c-44db-8843-295b51de031e', 25.5625, 6.388941, 31.95144, '2023-07-05 23:38:45.579821', NULL, NULL);
INSERT INTO public.device_history VALUES (1769, 10, 1, '0dcbd335-850c-44db-8843-295b51de031e', 25.5625, 6.539402, 32.1019, '2023-07-05 23:38:52.609021', NULL, NULL);
INSERT INTO public.device_history VALUES (1770, 10, 1, '0dcbd335-850c-44db-8843-295b51de031e', 25.625, 6.417152, 32.04215, '2023-07-05 23:39:00.249637', NULL, NULL);
INSERT INTO public.device_history VALUES (1771, 10, 1, '0dcbd335-850c-44db-8843-295b51de031e', 25.5625, 6.539402, 32.1019, '2023-07-05 23:39:07.630181', NULL, NULL);
INSERT INTO public.device_history VALUES (1772, 10, 1, '0dcbd335-850c-44db-8843-295b51de031e', 25.5625, 6.793304, 32.3558, '2023-07-05 23:39:14.801624', NULL, NULL);
INSERT INTO public.device_history VALUES (1773, 10, 1, '0dcbd335-850c-44db-8843-295b51de031e', 25.5625, 6.699266, 32.26176, '2023-07-05 23:39:21.710261', NULL, NULL);
INSERT INTO public.device_history VALUES (1774, 10, 1, '0dcbd335-850c-44db-8843-295b51de031e', 25.625, 6.558209, 32.18321, '2023-07-05 23:39:28.754234', NULL, NULL);
INSERT INTO public.device_history VALUES (1775, 10, 1, '0dcbd335-850c-44db-8843-295b51de031e', 25.5625, 6.971977, 32.53448, '2023-07-05 23:39:35.748122', NULL, NULL);
INSERT INTO public.device_history VALUES (1776, 10, 1, '0dcbd335-850c-44db-8843-295b51de031e', 25.5625, 6.539402, 32.1019, '2023-07-05 23:39:42.503859', NULL, NULL);
INSERT INTO public.device_history VALUES (1777, 10, 1, '0dcbd335-850c-44db-8843-295b51de031e', 25.5625, 6.699266, 32.26176, '2023-07-05 23:39:50.277244', NULL, NULL);
INSERT INTO public.device_history VALUES (1778, 10, 1, '0dcbd335-850c-44db-8843-295b51de031e', 25.5625, 6.492383, 32.05488, '2023-07-05 23:39:57.459244', NULL, NULL);
INSERT INTO public.device_history VALUES (1779, 10, 1, '0dcbd335-850c-44db-8843-295b51de031e', 25.5625, 5.937559, 31.50006, '2023-07-05 23:40:04.610781', NULL, NULL);
INSERT INTO public.device_history VALUES (1780, 10, 1, '0dcbd335-850c-44db-8843-295b51de031e', 25.5625, 5.937559, 31.50006, '2023-07-05 23:40:11.602071', NULL, NULL);
INSERT INTO public.device_history VALUES (1781, 10, 1, '0dcbd335-850c-44db-8843-295b51de031e', 25.5625, 6.558209, 32.12071, '2023-07-05 23:40:18.829516', NULL, NULL);
INSERT INTO public.device_history VALUES (1782, 10, 1, '0dcbd335-850c-44db-8843-295b51de031e', 25.5625, 6.492383, 32.05488, '2023-07-05 23:40:25.75664', NULL, NULL);
INSERT INTO public.device_history VALUES (1783, 10, 1, '0dcbd335-850c-44db-8843-295b51de031e', 25.625, 6.746285, 32.37128, '2023-07-05 23:40:33.276443', NULL, NULL);
INSERT INTO public.device_history VALUES (1784, 10, 1, '0dcbd335-850c-44db-8843-295b51de031e', 25.625, 6.51119, 32.13619, '2023-07-05 23:40:39.858651', NULL, NULL);
INSERT INTO public.device_history VALUES (1785, 10, 1, '0dcbd335-850c-44db-8843-295b51de031e', 25.5625, 6.106827, 31.66933, '2023-07-05 23:40:46.867312', NULL, NULL);
INSERT INTO public.device_history VALUES (1786, 10, 1, '0dcbd335-850c-44db-8843-295b51de031e', 25.625, 6.341922, 31.96692, '2023-07-05 23:40:53.664914', NULL, NULL);
INSERT INTO public.device_history VALUES (1787, 10, 1, '0dcbd335-850c-44db-8843-295b51de031e', 25.5625, 6.51119, 32.07369, '2023-07-05 23:40:59.599636', NULL, NULL);
INSERT INTO public.device_history VALUES (1788, 10, 1, '0dcbd335-850c-44db-8843-295b51de031e', 25.5625, 6.341922, 31.90442, '2023-07-05 23:41:09.759756', NULL, NULL);
INSERT INTO public.device_history VALUES (1789, 10, 1, '0dcbd335-850c-44db-8843-295b51de031e', 25.5625, 6.341922, 31.90442, '2023-07-05 23:41:15.064493', NULL, NULL);
INSERT INTO public.device_history VALUES (1790, 10, 1, '0dcbd335-850c-44db-8843-295b51de031e', 25.5625, 6.341922, 31.90442, '2023-07-05 23:41:16.965054', NULL, NULL);
INSERT INTO public.device_history VALUES (1791, 10, 1, '0dcbd335-850c-44db-8843-295b51de031e', 25.5625, 6.774497, 32.337, '2023-07-05 23:41:23.717823', NULL, NULL);
INSERT INTO public.device_history VALUES (1792, 10, 1, '0dcbd335-850c-44db-8843-295b51de031e', 25.5625, 6.70867, 32.27117, '2023-07-05 23:41:30.426225', NULL, NULL);
INSERT INTO public.device_history VALUES (1793, 10, 1, '0dcbd335-850c-44db-8843-295b51de031e', 25.5625, 6.529998, 32.0925, '2023-07-05 23:41:37.238921', NULL, NULL);
INSERT INTO public.device_history VALUES (1794, 10, 1, '0dcbd335-850c-44db-8843-295b51de031e', 25.5625, 6.417152, 31.97965, '2023-07-05 23:41:43.938758', NULL, NULL);
INSERT INTO public.device_history VALUES (1795, 10, 1, '0dcbd335-850c-44db-8843-295b51de031e', 25.625, 6.238481, 31.86348, '2023-07-05 23:41:50.847837', NULL, NULL);
INSERT INTO public.device_history VALUES (1796, 10, 1, '0dcbd335-850c-44db-8843-295b51de031e', 25.625, 6.689863, 32.31486, '2023-07-05 23:41:57.979451', NULL, NULL);
INSERT INTO public.device_history VALUES (1797, 10, 1, '0dcbd335-850c-44db-8843-295b51de031e', 25.5625, 6.70867, 32.27117, '2023-07-05 23:42:06.198592', NULL, NULL);
INSERT INTO public.device_history VALUES (1798, 10, 1, '0dcbd335-850c-44db-8843-295b51de031e', 25.5625, 6.43596, 31.99846, '2023-07-05 23:42:13.935012', NULL, NULL);
INSERT INTO public.device_history VALUES (1799, 10, 1, '0dcbd335-850c-44db-8843-295b51de031e', 25.5625, 6.43596, 31.99846, '2023-07-05 23:42:16.258565', NULL, NULL);
INSERT INTO public.device_history VALUES (1800, 10, 1, '0dcbd335-850c-44db-8843-295b51de031e', 25.5625, 7.037803, 32.6003, '2023-07-05 23:42:23.95827', NULL, NULL);
INSERT INTO public.device_history VALUES (1801, 10, 1, '0dcbd335-850c-44db-8843-295b51de031e', 25.5625, 6.388941, 31.95144, '2023-07-05 23:42:32.268529', NULL, NULL);
INSERT INTO public.device_history VALUES (1802, 10, 1, '0dcbd335-850c-44db-8843-295b51de031e', 25.5625, 6.191462, 31.75396, '2023-07-05 23:42:39.765706', NULL, NULL);
INSERT INTO public.device_history VALUES (1803, 10, 1, '0dcbd335-850c-44db-8843-295b51de031e', 25.625, 6.783901, 32.4089, '2023-07-05 23:42:47.333617', NULL, NULL);
INSERT INTO public.device_history VALUES (1804, 10, 1, '0dcbd335-850c-44db-8843-295b51de031e', 25.5625, 6.388941, 31.95144, '2023-07-05 23:42:54.226497', NULL, NULL);
INSERT INTO public.device_history VALUES (1805, 10, 1, '0dcbd335-850c-44db-8843-295b51de031e', 25.5625, 6.370133, 31.93263, '2023-07-05 23:43:00.984909', NULL, NULL);
INSERT INTO public.device_history VALUES (1806, 10, 1, '0dcbd335-850c-44db-8843-295b51de031e', 25.5625, 6.689863, 32.25236, '2023-07-05 23:43:08.00002', NULL, NULL);
INSERT INTO public.device_history VALUES (1807, 10, 1, '0dcbd335-850c-44db-8843-295b51de031e', 25.625, 6.172654, 31.79765, '2023-07-05 23:43:14.899353', NULL, NULL);
INSERT INTO public.device_history VALUES (1808, 10, 1, '0dcbd335-850c-44db-8843-295b51de031e', 25.625, 6.718074, 32.34307, '2023-07-05 23:43:22.006145', NULL, NULL);
INSERT INTO public.device_history VALUES (1809, 10, 1, '0dcbd335-850c-44db-8843-295b51de031e', 25.5625, 6.63344, 32.19594, '2023-07-05 23:43:27.239991', NULL, NULL);
INSERT INTO public.device_history VALUES (1810, 10, 1, '0dcbd335-850c-44db-8843-295b51de031e', 25.625, 6.182057, 31.80706, '2023-07-05 23:43:35.059884', NULL, NULL);
INSERT INTO public.device_history VALUES (1811, 10, 1, '0dcbd335-850c-44db-8843-295b51de031e', 25.5625, 6.586421, 32.14892, '2023-07-05 23:43:40.319949', NULL, NULL);
INSERT INTO public.device_history VALUES (1812, 10, 1, '0dcbd335-850c-44db-8843-295b51de031e', 25.625, 7.244687, 32.86969, '2023-07-05 23:43:47.307045', NULL, NULL);
INSERT INTO public.device_history VALUES (1813, 10, 1, '0dcbd335-850c-44db-8843-295b51de031e', 25.625, 6.793304, 32.4183, '2023-07-05 23:43:55.057703', NULL, NULL);
INSERT INTO public.device_history VALUES (1814, 10, 1, '0dcbd335-850c-44db-8843-295b51de031e', 25.625, 6.98138, 32.60638, '2023-07-05 23:43:59.71901', NULL, NULL);
INSERT INTO public.device_history VALUES (1815, 10, 1, '0dcbd335-850c-44db-8843-295b51de031e', 25.6875, 6.388941, 32.07644, '2023-07-05 23:44:07.195144', NULL, NULL);
INSERT INTO public.device_history VALUES (1816, 10, 1, '0dcbd335-850c-44db-8843-295b51de031e', 25.625, 6.699266, 32.32426, '2023-07-05 23:44:14.073534', NULL, NULL);
INSERT INTO public.device_history VALUES (1817, 10, 1, '0dcbd335-850c-44db-8843-295b51de031e', 25.625, 7.018996, 32.644, '2023-07-05 23:44:21.23558', NULL, NULL);
INSERT INTO public.device_history VALUES (1818, 10, 1, '0dcbd335-850c-44db-8843-295b51de031e', 25.625, 6.266692, 31.89169, '2023-07-05 23:44:28.762172', NULL, NULL);
INSERT INTO public.device_history VALUES (1819, 10, 1, '0dcbd335-850c-44db-8843-295b51de031e', 25.625, 6.943765, 32.56876, '2023-07-05 23:44:34.381666', NULL, NULL);
INSERT INTO public.device_history VALUES (1820, 10, 1, '0dcbd335-850c-44db-8843-295b51de031e', 25.625, 6.774497, 32.3995, '2023-07-05 23:44:39.532429', NULL, NULL);
INSERT INTO public.device_history VALUES (1821, 10, 1, '0dcbd335-850c-44db-8843-295b51de031e', 25.625, 6.990784, 32.61578, '2023-07-05 23:44:46.074756', NULL, NULL);
INSERT INTO public.device_history VALUES (1822, 10, 1, '0dcbd335-850c-44db-8843-295b51de031e', 25.625, 6.868535, 32.49353, '2023-07-05 23:44:50.903794', NULL, NULL);
INSERT INTO public.device_history VALUES (1823, 10, 1, '0dcbd335-850c-44db-8843-295b51de031e', 25.625, 6.924958, 32.54996, '2023-07-05 23:44:58.805793', NULL, NULL);
INSERT INTO public.device_history VALUES (1824, 10, 1, '0dcbd335-850c-44db-8843-295b51de031e', 25.625, 6.689863, 32.31486, '2023-07-05 23:45:05.783461', NULL, NULL);
INSERT INTO public.device_history VALUES (1825, 10, 1, '0dcbd335-850c-44db-8843-295b51de031e', 25.625, 6.689863, 32.31486, '2023-07-05 23:45:13.816495', NULL, NULL);
INSERT INTO public.device_history VALUES (1826, 10, 1, '0dcbd335-850c-44db-8843-295b51de031e', 25.625, 6.323114, 31.94811, '2023-07-05 23:45:21.009713', NULL, NULL);
INSERT INTO public.device_history VALUES (1827, 10, 1, '0dcbd335-850c-44db-8843-295b51de031e', 25.625, 6.407749, 32.03275, '2023-07-05 23:45:27.94873', NULL, NULL);
INSERT INTO public.device_history VALUES (1828, 10, 1, '0dcbd335-850c-44db-8843-295b51de031e', 25.625, 6.70867, 32.33367, '2023-07-05 23:45:36.415418', NULL, NULL);
INSERT INTO public.device_history VALUES (1829, 10, 1, '0dcbd335-850c-44db-8843-295b51de031e', 25.6875, 6.934361, 32.62186, '2023-07-05 23:45:43.572132', NULL, NULL);
INSERT INTO public.device_history VALUES (1830, 10, 1, '0dcbd335-850c-44db-8843-295b51de031e', 25.625, 6.689863, 32.31486, '2023-07-05 23:45:50.306512', NULL, NULL);
INSERT INTO public.device_history VALUES (1831, 10, 1, '0dcbd335-850c-44db-8843-295b51de031e', 25.625, 6.605228, 32.23023, '2023-07-05 23:45:57.133557', NULL, NULL);
INSERT INTO public.device_history VALUES (1832, 10, 1, '0dcbd335-850c-44db-8843-295b51de031e', 25.625, 6.605228, 32.23023, '2023-07-05 23:46:05.193412', NULL, NULL);
INSERT INTO public.device_history VALUES (1833, 10, 1, '0dcbd335-850c-44db-8843-295b51de031e', 25.625, 6.445364, 32.07037, '2023-07-05 23:46:10.955099', NULL, NULL);
INSERT INTO public.device_history VALUES (1834, 10, 1, '0dcbd335-850c-44db-8843-295b51de031e', 25.625, 6.332518, 31.95752, '2023-07-05 23:46:15.898149', NULL, NULL);
INSERT INTO public.device_history VALUES (1835, 10, 1, '0dcbd335-850c-44db-8843-295b51de031e', 25.625, 6.388941, 32.01394, '2023-07-05 23:46:22.960009', NULL, NULL);
INSERT INTO public.device_history VALUES (1836, 10, 1, '0dcbd335-850c-44db-8843-295b51de031e', 25.625, 6.388941, 32.01394, '2023-07-05 23:46:29.678867', NULL, NULL);
INSERT INTO public.device_history VALUES (1837, 10, 1, '0dcbd335-850c-44db-8843-295b51de031e', 25.6875, 6.266692, 31.95419, '2023-07-05 23:46:36.694501', NULL, NULL);
INSERT INTO public.device_history VALUES (1838, 10, 1, '0dcbd335-850c-44db-8843-295b51de031e', 25.6875, 6.191462, 31.87896, '2023-07-05 23:46:43.558389', NULL, NULL);
INSERT INTO public.device_history VALUES (1839, 10, 1, '0dcbd335-850c-44db-8843-295b51de031e', 25.625, 6.257288, 31.88229, '2023-07-05 23:46:50.214395', NULL, NULL);
INSERT INTO public.device_history VALUES (1840, 10, 1, '0dcbd335-850c-44db-8843-295b51de031e', 25.6875, 7.131841, 32.81934, '2023-07-05 23:46:56.972659', NULL, NULL);
INSERT INTO public.device_history VALUES (1841, 10, 1, '0dcbd335-850c-44db-8843-295b51de031e', 25.625, 6.51119, 32.13619, '2023-07-05 23:47:04.132141', NULL, NULL);
INSERT INTO public.device_history VALUES (1842, 10, 1, '0dcbd335-850c-44db-8843-295b51de031e', 25.625, 6.144443, 31.76944, '2023-07-05 23:47:10.913835', NULL, NULL);
INSERT INTO public.device_history VALUES (1843, 10, 1, '0dcbd335-850c-44db-8843-295b51de031e', 25.6875, 7.160053, 32.84755, '2023-07-05 23:47:17.824791', NULL, NULL);
INSERT INTO public.device_history VALUES (1844, 10, 1, '0dcbd335-850c-44db-8843-295b51de031e', 25.625, 6.520594, 32.1456, '2023-07-05 23:47:24.714051', NULL, NULL);
INSERT INTO public.device_history VALUES (1845, 10, 1, '0dcbd335-850c-44db-8843-295b51de031e', 25.625, 6.934361, 32.55936, '2023-07-05 23:47:31.53426', NULL, NULL);
INSERT INTO public.device_history VALUES (1846, 10, 1, '0dcbd335-850c-44db-8843-295b51de031e', 25.6875, 6.849727, 32.53723, '2023-07-05 23:47:38.771456', NULL, NULL);
INSERT INTO public.device_history VALUES (1847, 10, 1, '0dcbd335-850c-44db-8843-295b51de031e', 25.625, 6.454768, 32.07977, '2023-07-05 23:47:46.32174', NULL, NULL);
INSERT INTO public.device_history VALUES (1848, 10, 1, '0dcbd335-850c-44db-8843-295b51de031e', 25.625, 6.276095, 31.9011, '2023-07-05 23:47:50.775217', NULL, NULL);
INSERT INTO public.device_history VALUES (1849, 10, 1, '0dcbd335-850c-44db-8843-295b51de031e', 25.6875, 6.802708, 32.49021, '2023-07-05 23:47:57.832279', NULL, NULL);
INSERT INTO public.device_history VALUES (1850, 10, 1, '0dcbd335-850c-44db-8843-295b51de031e', 25.6875, 6.210269, 31.89777, '2023-07-05 23:48:04.694431', NULL, NULL);
INSERT INTO public.device_history VALUES (1851, 10, 1, '0dcbd335-850c-44db-8843-295b51de031e', 25.625, 6.859131, 32.48413, '2023-07-05 23:48:11.734622', NULL, NULL);
INSERT INTO public.device_history VALUES (1852, 10, 1, '0dcbd335-850c-44db-8843-295b51de031e', 25.625, 6.821516, 32.44652, '2023-07-05 23:48:18.313259', NULL, NULL);
INSERT INTO public.device_history VALUES (1853, 10, 1, '0dcbd335-850c-44db-8843-295b51de031e', 25.625, 6.943765, 32.56876, '2023-07-05 23:48:23.145502', NULL, NULL);
INSERT INTO public.device_history VALUES (1854, 10, 1, '0dcbd335-850c-44db-8843-295b51de031e', 25.6875, 6.924958, 32.61246, '2023-07-05 23:48:30.59402', NULL, NULL);
INSERT INTO public.device_history VALUES (1855, 10, 1, '0dcbd335-850c-44db-8843-295b51de031e', 25.6875, 6.294903, 31.9824, '2023-07-05 23:48:35.509026', NULL, NULL);
INSERT INTO public.device_history VALUES (1856, 10, 1, '0dcbd335-850c-44db-8843-295b51de031e', 25.625, 6.727478, 32.35248, '2023-07-05 23:48:42.673148', NULL, NULL);
INSERT INTO public.device_history VALUES (1857, 10, 1, '0dcbd335-850c-44db-8843-295b51de031e', 25.6875, 6.971977, 32.65948, '2023-07-05 23:48:50.664167', NULL, NULL);
INSERT INTO public.device_history VALUES (1858, 10, 1, '0dcbd335-850c-44db-8843-295b51de031e', 25.6875, 6.802708, 32.49021, '2023-07-05 23:49:01.593634', NULL, NULL);
INSERT INTO public.device_history VALUES (1859, 10, 1, '0dcbd335-850c-44db-8843-295b51de031e', 25.6875, 6.51119, 32.19869, '2023-07-05 23:49:09.080988', NULL, NULL);
INSERT INTO public.device_history VALUES (1860, 10, 1, '0dcbd335-850c-44db-8843-295b51de031e', 25.6875, 6.332518, 32.02002, '2023-07-05 23:49:14.180725', NULL, NULL);
INSERT INTO public.device_history VALUES (1861, 10, 1, '0dcbd335-850c-44db-8843-295b51de031e', 25.6875, 7.028399, 32.7159, '2023-07-05 23:49:21.507874', NULL, NULL);
INSERT INTO public.device_history VALUES (1862, 10, 1, '0dcbd335-850c-44db-8843-295b51de031e', 25.6875, 6.445364, 32.13287, '2023-07-05 23:49:29.836467', NULL, NULL);
INSERT INTO public.device_history VALUES (1863, 10, 1, '0dcbd335-850c-44db-8843-295b51de031e', 25.625, 6.793304, 32.4183, '2023-07-05 23:49:36.750047', NULL, NULL);
INSERT INTO public.device_history VALUES (1864, 10, 1, '0dcbd335-850c-44db-8843-295b51de031e', 25.625, 6.962573, 32.58757, '2023-07-05 23:49:44.454433', NULL, NULL);
INSERT INTO public.device_history VALUES (1865, 10, 1, '0dcbd335-850c-44db-8843-295b51de031e', 25.6875, 6.990784, 32.67828, '2023-07-05 23:49:52.109164', NULL, NULL);
INSERT INTO public.device_history VALUES (1866, 10, 1, '0dcbd335-850c-44db-8843-295b51de031e', 25.6875, 6.680459, 32.36796, '2023-07-05 23:49:57.092044', NULL, NULL);
INSERT INTO public.device_history VALUES (1867, 10, 1, '0dcbd335-850c-44db-8843-295b51de031e', 25.6875, 6.652247, 32.33975, '2023-07-05 23:50:04.101104', NULL, NULL);
INSERT INTO public.device_history VALUES (1868, 10, 1, '0dcbd335-850c-44db-8843-295b51de031e', 25.6875, 6.351326, 32.03883, '2023-07-05 23:50:11.394434', NULL, NULL);
INSERT INTO public.device_history VALUES (1869, 10, 1, '0dcbd335-850c-44db-8843-295b51de031e', 25.6875, 6.821516, 32.50902, '2023-07-05 23:50:20.43832', NULL, NULL);
INSERT INTO public.device_history VALUES (1870, 10, 1, '0dcbd335-850c-44db-8843-295b51de031e', 25.6875, 6.172654, 31.86015, '2023-07-05 23:50:26.479093', NULL, NULL);
INSERT INTO public.device_history VALUES (1871, 10, 1, '0dcbd335-850c-44db-8843-295b51de031e', 25.6875, 7.113034, 32.80053, '2023-07-05 23:50:36.065245', NULL, NULL);
INSERT INTO public.device_history VALUES (1872, 10, 1, '0dcbd335-850c-44db-8843-295b51de031e', 25.6875, 7.113034, 32.80053, '2023-07-05 23:50:38.273934', NULL, NULL);
INSERT INTO public.device_history VALUES (1873, 10, 1, '0dcbd335-850c-44db-8843-295b51de031e', 25.75, 6.718074, 32.46807, '2023-07-05 23:50:47.904502', NULL, NULL);
INSERT INTO public.device_history VALUES (1874, 10, 1, '0dcbd335-850c-44db-8843-295b51de031e', 25.6875, 6.51119, 32.19869, '2023-07-05 23:50:53.835185', NULL, NULL);
INSERT INTO public.device_history VALUES (1875, 10, 1, '0dcbd335-850c-44db-8843-295b51de031e', 25.6875, 6.464171, 32.15167, '2023-07-05 23:51:02.929592', NULL, NULL);
INSERT INTO public.device_history VALUES (1876, 10, 1, '0dcbd335-850c-44db-8843-295b51de031e', 25.75, 6.276095, 32.0261, '2023-07-05 23:51:07.299528', NULL, NULL);
INSERT INTO public.device_history VALUES (1877, 10, 1, '0dcbd335-850c-44db-8843-295b51de031e', 25.75, 6.407749, 32.15775, '2023-07-05 23:51:14.541457', NULL, NULL);
INSERT INTO public.device_history VALUES (1878, 10, 1, '0dcbd335-850c-44db-8843-295b51de031e', 25.75, 6.671055, 32.42105, '2023-07-05 23:51:25.041466', NULL, NULL);
INSERT INTO public.device_history VALUES (1879, 10, 1, '0dcbd335-850c-44db-8843-295b51de031e', 25.6875, 6.2855, 31.973, '2023-07-05 23:51:30.631317', NULL, NULL);
INSERT INTO public.device_history VALUES (1880, 10, 1, '0dcbd335-850c-44db-8843-295b51de031e', 25.6875, 6.567613, 32.25511, '2023-07-05 23:51:37.723413', NULL, NULL);
INSERT INTO public.device_history VALUES (1881, 10, 1, '0dcbd335-850c-44db-8843-295b51de031e', 25.75, 6.755689, 32.50569, '2023-07-05 23:51:45.221323', NULL, NULL);
INSERT INTO public.device_history VALUES (1882, 10, 1, '0dcbd335-850c-44db-8843-295b51de031e', 25.6875, 7.075418, 32.76292, '2023-07-05 23:51:55.0803', NULL, NULL);
INSERT INTO public.device_history VALUES (1883, 10, 1, '0dcbd335-850c-44db-8843-295b51de031e', 25.6875, 6.529998, 32.2175, '2023-07-05 23:51:59.558535', NULL, NULL);
INSERT INTO public.device_history VALUES (1884, 10, 1, '0dcbd335-850c-44db-8843-295b51de031e', 25.6875, 6.36073, 32.04823, '2023-07-05 23:52:08.023662', NULL, NULL);
INSERT INTO public.device_history VALUES (1885, 10, 1, '0dcbd335-850c-44db-8843-295b51de031e', 25.75, 7.141245, 32.89124, '2023-07-05 23:52:13.617263', NULL, NULL);
INSERT INTO public.device_history VALUES (1886, 10, 1, '0dcbd335-850c-44db-8843-295b51de031e', 25.75, 6.351326, 32.10133, '2023-07-05 23:52:18.40707', NULL, NULL);
INSERT INTO public.device_history VALUES (1948, 11, 1, '0dcbd335-850c-44db-8843-295b51de031e', 0, 0, 0, '2023-07-05 23:59:22.169226', NULL, NULL);
INSERT INTO public.device_history VALUES (1949, 11, 1, '0dcbd335-850c-44db-8843-295b51de031e', 0, 0, 0, '2023-07-05 23:59:24.190887', NULL, NULL);
INSERT INTO public.device_history VALUES (1950, 10, 1, '0dcbd335-850c-44db-8843-295b51de031e', 25.875, 6.868535, 32.74353, '2023-07-05 23:59:26.973459', NULL, NULL);
INSERT INTO public.device_history VALUES (1951, 10, 1, '0dcbd335-850c-44db-8843-295b51de031e', 25.9375, 6.699266, 32.63676, '2023-07-05 23:59:33.714854', NULL, NULL);
INSERT INTO public.device_history VALUES (1952, 11, 2, '0dcbd335-850c-44db-8843-295b51de031e', 0, 0, 0, '2023-07-05 23:59:38.941851', NULL, NULL);
INSERT INTO public.device_history VALUES (1953, 11, 2, '0dcbd335-850c-44db-8843-295b51de031e', 0, 0, 0, '2023-07-05 23:59:40.960733', NULL, NULL);
INSERT INTO public.device_history VALUES (1954, 11, 2, '0dcbd335-850c-44db-8843-295b51de031e', 25.9375, 7.018996, 32.9565, '2023-07-05 23:59:42.146389', NULL, NULL);
INSERT INTO public.device_history VALUES (1955, 11, 2, '0dcbd335-850c-44db-8843-295b51de031e', 25.875, 6.577017, 32.45202, '2023-07-05 23:59:49.182673', NULL, NULL);
INSERT INTO public.device_history VALUES (1956, 11, 2, '0dcbd335-850c-44db-8843-295b51de031e', 25.875, 6.229076, 32.10408, '2023-07-05 23:59:54.470687', NULL, NULL);
INSERT INTO public.device_history VALUES (1957, 11, 2, '0dcbd335-850c-44db-8843-295b51de031e', 25.875, 6.229076, 32.10408, '2023-07-06 00:00:01.525152', NULL, NULL);
INSERT INTO public.device_history VALUES (1958, 11, 2, '0dcbd335-850c-44db-8843-295b51de031e', 25.875, 7.009592, 32.88459, '2023-07-06 00:00:08.491881', NULL, NULL);
INSERT INTO public.device_history VALUES (1959, 11, 2, '0dcbd335-850c-44db-8843-295b51de031e', 25.9375, 6.755689, 32.69319, '2023-07-06 00:00:15.594978', NULL, NULL);
INSERT INTO public.device_history VALUES (1960, 11, 2, '0dcbd335-850c-44db-8843-295b51de031e', 25.9375, 6.388941, 32.32644, '2023-07-06 00:00:22.527841', NULL, NULL);
INSERT INTO public.device_history VALUES (1961, 11, 2, '0dcbd335-850c-44db-8843-295b51de031e', 25.875, 6.783901, 32.6589, '2023-07-06 00:00:29.593163', NULL, NULL);
INSERT INTO public.device_history VALUES (1962, 11, 2, '0dcbd335-850c-44db-8843-295b51de031e', 25.875, 6.83092, 32.70592, '2023-07-06 00:00:36.392347', NULL, NULL);
INSERT INTO public.device_history VALUES (1963, 11, 2, '0dcbd335-850c-44db-8843-295b51de031e', 25.9375, 6.934361, 32.87186, '2023-07-06 00:00:43.453297', NULL, NULL);


--
-- TOC entry 3618 (class 0 OID 17402)
-- Dependencies: 212
-- Data for Name: device_mode; Type: TABLE DATA; Schema: public; Owner: postgres
--

INSERT INTO public.device_mode VALUES (1, 'Otomatis', '2023-06-01 03:07:18.071393');
INSERT INTO public.device_mode VALUES (2, 'Manual', '2023-06-01 03:07:27.461798');


--
-- TOC entry 3619 (class 0 OID 17407)
-- Dependencies: 213
-- Data for Name: device_status; Type: TABLE DATA; Schema: public; Owner: postgres
--

INSERT INTO public.device_status VALUES (11, 'Aktif', '2023-03-30 06:14:05.677865');
INSERT INTO public.device_status VALUES (10, 'Tidak Aktif', '2023-03-30 06:14:21.438698');


--
-- TOC entry 3620 (class 0 OID 17412)
-- Dependencies: 214
-- Data for Name: devices; Type: TABLE DATA; Schema: public; Owner: postgres
--

INSERT INTO public.devices VALUES ('cc5aa4c7-112b-47d1-a07e-1df6d3c9a2db', 'UYBOPZUzuQIOAL2Z', 'Dummy Perangkat 2', 'Depan Rumah Kanan Atas, Depan Rumah Kanan Atas Depan Rumah Kanan Atas Depan Rumah Kanan Atas Depan Rumah Kanan Atas', 11, 3, 'a962321c-6b3a-4b92-8a70-9729a1f15b75', '-7.9742665249933244', '110.22720336500485', '2023-06-16 23:22:30.825766', '2023-06-19 09:44:22.203231', 2, NULL, NULL);
INSERT INTO public.devices VALUES ('e5d415f7-a96b-4dc2-84b8-64a1830b4c01', 'ps9t5UiX15TVLxYB', 'Aerator Utama', 'Aquarium Kiri Hitam', 10, 3, 'a962321c-6b3a-4b92-8a70-9729a1f15b75', '-6.974875218957293', '107.65222215777261', '2023-03-30 06:15:57.118381', '2023-06-21 02:37:52.148962', 2, NULL, NULL);
INSERT INTO public.devices VALUES ('9474e5c1-82eb-4576-95e9-4b3c4c2b981f', 'fWxWMJbgMGTOd0a9', 'Perangkat Public', 'Tempat umum 1', 11, 2, '03eb0947-8d83-416e-8ac5-4a595685cf79', '-7.974250074965296', '110.22722624992589', '2023-06-21 04:33:56.132465', '2023-06-21 09:29:03.175942', 1, NULL, NULL);
INSERT INTO public.devices VALUES ('8164fdec-a6f4-4f12-94ab-c2f530196930', '00191100', 'Public Device 001', 'Jl. Rumah Barat Timur, no.25', 10, 1, '03eb0947-8d83-416e-8ac5-4a595685cf79', '-5.97189997753338', '107.05558776855469', '2023-07-05 08:08:55.273392', '2023-07-05 08:08:55.273392', 1, NULL, NULL);
INSERT INTO public.devices VALUES ('0dcbd335-850c-44db-8843-295b51de031e', '8s9SREDxXlc2zCnp', 'GuppyTULT Telkom', 'BUNDERAN TELKOM', 11, 2, 'a962321c-6b3a-4b92-8a70-9729a1f15b75', '-6.901779067052239', '107.61896902369566', '2023-07-05 22:32:03.155379', '2023-07-06 00:00:43.453651', 2, NULL, NULL);


--
-- TOC entry 3621 (class 0 OID 17417)
-- Dependencies: 215
-- Data for Name: roles; Type: TABLE DATA; Schema: public; Owner: postgres
--

INSERT INTO public.roles VALUES (1, 'Owner', '2023-06-21 00:17:16.504666');


--
-- TOC entry 3622 (class 0 OID 17422)
-- Dependencies: 216
-- Data for Name: users; Type: TABLE DATA; Schema: public; Owner: postgres
--

INSERT INTO public.users VALUES ('03eb0947-8d83-416e-8ac5-4a595685cf79', 1, 'Public Demo', 'public@guppy.tech', '$2a$12$mA2cnP4HO.3sbEuaXXSU6uq9K0epA0ad6H3/QDXsGZaZGL/dsMrd.

', 'Bandung', NULL, '2023-06-21 04:00:23.518107', '2023-06-21 04:00:23.518107');
INSERT INTO public.users VALUES ('a962321c-6b3a-4b92-8a70-9729a1f15b75', 1, 'GuppyTech Admin', 'admin@guppy.tech', '$2a$12$Sdi3bdf/B8HFQ9Vq8cMIZu.OkjLSgUVO4MGqmjD23rSrSYmzTf5K2
', 'Bandung', NULL, '2023-03-30 05:46:05.620484', '2023-03-30 05:46:05.620484');


--
-- TOC entry 3630 (class 0 OID 0)
-- Dependencies: 211
-- Name: device_historya_history_id_seq; Type: SEQUENCE SET; Schema: public; Owner: postgres
--

SELECT pg_catalog.setval('public.device_historya_history_id_seq', 1963, true);


--
-- TOC entry 3455 (class 2606 OID 17428)
-- Name: brand brand_pk; Type: CONSTRAINT; Schema: public; Owner: postgres
--

ALTER TABLE ONLY public.brand
    ADD CONSTRAINT brand_pk PRIMARY KEY (brand_id);


--
-- TOC entry 3457 (class 2606 OID 17430)
-- Name: device_history device_historya_pkey; Type: CONSTRAINT; Schema: public; Owner: postgres
--

ALTER TABLE ONLY public.device_history
    ADD CONSTRAINT device_historya_pkey PRIMARY KEY (history_id);


--
-- TOC entry 3459 (class 2606 OID 17432)
-- Name: device_mode device_mode_pk; Type: CONSTRAINT; Schema: public; Owner: postgres
--

ALTER TABLE ONLY public.device_mode
    ADD CONSTRAINT device_mode_pk PRIMARY KEY (mode_id);


--
-- TOC entry 3461 (class 2606 OID 17434)
-- Name: device_status device_status_pk; Type: CONSTRAINT; Schema: public; Owner: postgres
--

ALTER TABLE ONLY public.device_status
    ADD CONSTRAINT device_status_pk PRIMARY KEY (status_id);


--
-- TOC entry 3463 (class 2606 OID 17436)
-- Name: devices devices_pk; Type: CONSTRAINT; Schema: public; Owner: postgres
--

ALTER TABLE ONLY public.devices
    ADD CONSTRAINT devices_pk PRIMARY KEY (device_id);


--
-- TOC entry 3467 (class 2606 OID 17438)
-- Name: users newtable_pk; Type: CONSTRAINT; Schema: public; Owner: postgres
--

ALTER TABLE ONLY public.users
    ADD CONSTRAINT newtable_pk PRIMARY KEY (user_id);


--
-- TOC entry 3465 (class 2606 OID 17440)
-- Name: roles role_pk; Type: CONSTRAINT; Schema: public; Owner: postgres
--

ALTER TABLE ONLY public.roles
    ADD CONSTRAINT role_pk PRIMARY KEY (role_id);


--
-- TOC entry 3471 (class 2606 OID 17441)
-- Name: devices brand_fk; Type: FK CONSTRAINT; Schema: public; Owner: postgres
--

ALTER TABLE ONLY public.devices
    ADD CONSTRAINT brand_fk FOREIGN KEY (brand_id) REFERENCES public.brand(brand_id);


--
-- TOC entry 3472 (class 2606 OID 17446)
-- Name: devices devices_fk; Type: FK CONSTRAINT; Schema: public; Owner: postgres
--

ALTER TABLE ONLY public.devices
    ADD CONSTRAINT devices_fk FOREIGN KEY (user_id) REFERENCES public.users(user_id);


--
-- TOC entry 3468 (class 2606 OID 17451)
-- Name: device_history devices_fk; Type: FK CONSTRAINT; Schema: public; Owner: postgres
--

ALTER TABLE ONLY public.device_history
    ADD CONSTRAINT devices_fk FOREIGN KEY (device_id) REFERENCES public.devices(device_id);


--
-- TOC entry 3473 (class 2606 OID 17456)
-- Name: devices mode_fk; Type: FK CONSTRAINT; Schema: public; Owner: postgres
--

ALTER TABLE ONLY public.devices
    ADD CONSTRAINT mode_fk FOREIGN KEY (mode_id) REFERENCES public.device_mode(mode_id);


--
-- TOC entry 3469 (class 2606 OID 17461)
-- Name: device_history mode_fk; Type: FK CONSTRAINT; Schema: public; Owner: postgres
--

ALTER TABLE ONLY public.device_history
    ADD CONSTRAINT mode_fk FOREIGN KEY (mode_id) REFERENCES public.device_mode(mode_id);


--
-- TOC entry 3474 (class 2606 OID 17466)
-- Name: devices status_fk; Type: FK CONSTRAINT; Schema: public; Owner: postgres
--

ALTER TABLE ONLY public.devices
    ADD CONSTRAINT status_fk FOREIGN KEY (status_id) REFERENCES public.device_status(status_id);


--
-- TOC entry 3470 (class 2606 OID 17471)
-- Name: device_history status_fk; Type: FK CONSTRAINT; Schema: public; Owner: postgres
--

ALTER TABLE ONLY public.device_history
    ADD CONSTRAINT status_fk FOREIGN KEY (status_id) REFERENCES public.device_status(status_id);


--
-- TOC entry 3475 (class 2606 OID 17476)
-- Name: users users_fk; Type: FK CONSTRAINT; Schema: public; Owner: postgres
--

ALTER TABLE ONLY public.users
    ADD CONSTRAINT users_fk FOREIGN KEY (role_id) REFERENCES public.roles(role_id);


-- Completed on 2023-07-10 23:21:36 WIB

--
-- PostgreSQL database dump complete
--

